ID0,ID4
ID0,ID6
ID0,ID9
ID0,ID10
ID0,ID12
ID0,ID14
ID0,ID31
ID0,ID34
ID0,ID36
ID0,ID39
ID0,ID48
ID0,ID55
ID0,ID57
ID0,ID62
ID0,ID64
ID0,ID66
ID0,ID75
ID0,ID88
ID0,ID89
ID0,ID90
ID0,ID91
ID0,ID93
ID0,ID102
ID0,ID105
ID0,ID109
ID0,ID112
ID0,ID147
ID0,ID159
ID0,ID160
ID0,ID185
ID0,ID192
ID0,ID200
ID0,ID327
ID1,ID4
ID1,ID11
ID1,ID16
ID1,ID17
ID1,ID22
ID1,ID27
ID1,ID35
ID1,ID38
ID1,ID39
ID1,ID44
ID1,ID50
ID1,ID61
ID1,ID62
ID1,ID64
ID1,ID67
ID1,ID68
ID1,ID76
ID1,ID79
ID1,ID80
ID1,ID87
ID1,ID89
ID1,ID90
ID1,ID92
ID1,ID95
ID1,ID96
ID1,ID99
ID1,ID110
ID1,ID114
ID1,ID117
ID1,ID140
ID1,ID156
ID1,ID194
ID1,ID213
ID1,ID215
ID1,ID218
ID1,ID229
ID1,ID230
ID1,ID316
ID2,ID7
ID2,ID8
ID2,ID9
ID2,ID14
ID2,ID16
ID2,ID20
ID2,ID23
ID2,ID38
ID2,ID42
ID2,ID48
ID2,ID51
ID2,ID53
ID2,ID60
ID2,ID64
ID2,ID71
ID2,ID74
ID2,ID77
ID2,ID80
ID2,ID82
ID2,ID83
ID2,ID84
ID2,ID98
ID2,ID104
ID2,ID106
ID2,ID107
ID2,ID109
ID2,ID115
ID2,ID140
ID2,ID148
ID2,ID153
ID2,ID194
ID2,ID200
ID2,ID211
ID2,ID235
ID2,ID254
ID2,ID324
ID2,ID454
ID3,ID4
ID3,ID7
ID3,ID18
ID3,ID19
ID3,ID22
ID3,ID33
ID3,ID37
ID3,ID44
ID3,ID45
ID3,ID49
ID3,ID51
ID3,ID52
ID3,ID54
ID3,ID61
ID3,ID65
ID3,ID70
ID3,ID71
ID3,ID73
ID3,ID74
ID3,ID75
ID3,ID76
ID3,ID90
ID3,ID92
ID3,ID96
ID3,ID97
ID3,ID98
ID3,ID101
ID3,ID106
ID3,ID110
ID3,ID111
ID3,ID154
ID3,ID168
ID3,ID202
ID3,ID203
ID3,ID368
ID3,ID392
ID3,ID407
ID3,ID426
ID4,ID5
ID4,ID12
ID4,ID14
ID4,ID18
ID4,ID20
ID4,ID39
ID4,ID43
ID4,ID48
ID4,ID56
ID4,ID62
ID4,ID64
ID4,ID69
ID4,ID71
ID4,ID76
ID4,ID84
ID4,ID85
ID4,ID91
ID4,ID96
ID4,ID98
ID4,ID100
ID4,ID108
ID4,ID112
ID4,ID116
ID4,ID148
ID4,ID156
ID4,ID196
ID4,ID213
ID4,ID223
ID4,ID227
ID4,ID245
ID4,ID270
ID4,ID328
ID5,ID8
ID5,ID18
ID5,ID27
ID5,ID41
ID5,ID45
ID5,ID46
ID5,ID48
ID5,ID49
ID5,ID54
ID5,ID60
ID5,ID61
ID5,ID62
ID5,ID79
ID5,ID80
ID5,ID88
ID5,ID103
ID5,ID105
ID5,ID113
ID5,ID114
ID5,ID115
ID5,ID140
ID5,ID163
ID5,ID178
ID5,ID188
ID5,ID200
ID5,ID218
ID5,ID225
ID5,ID229
ID5,ID230
ID5,ID397
ID5,ID468
ID6,ID10
ID6,ID13
ID6,ID14
ID6,ID29
ID6,ID40
ID6,ID42
ID6,ID44
ID6,ID51
ID6,ID56
ID6,ID63
ID6,ID68
ID6,ID72
ID6,ID73
ID6,ID81
ID6,ID86
ID6,ID88
ID6,ID91
ID6,ID96
ID6,ID97
ID6,ID113
ID6,ID114
ID6,ID174
ID6,ID176
ID6,ID187
ID6,ID209
ID6,ID227
ID6,ID247
ID6,ID465
ID7,ID20
ID7,ID24
ID7,ID29
ID7,ID30
ID7,ID32
ID7,ID39
ID7,ID42
ID7,ID45
ID7,ID50
ID7,ID51
ID7,ID65
ID7,ID69
ID7,ID70
ID7,ID74
ID7,ID76
ID7,ID81
ID7,ID87
ID7,ID92
ID7,ID93
ID7,ID96
ID7,ID99
ID7,ID102
ID7,ID107
ID7,ID108
ID7,ID139
ID7,ID152
ID7,ID161
ID7,ID198
ID7,ID250
ID7,ID254
ID7,ID282
ID7,ID294
ID8,ID17
ID8,ID19
ID8,ID21
ID8,ID23
ID8,ID34
ID8,ID40
ID8,ID53
ID8,ID72
ID8,ID73
ID8,ID76
ID8,ID90
ID8,ID94
ID8,ID102
ID8,ID103
ID8,ID106
ID8,ID109
ID8,ID111
ID8,ID112
ID8,ID125
ID8,ID144
ID8,ID166
ID8,ID202
ID8,ID219
ID8,ID226
ID8,ID228
ID8,ID291
ID8,ID396
ID9,ID12
ID9,ID18
ID9,ID23
ID9,ID26
ID9,ID33
ID9,ID56
ID9,ID57
ID9,ID72
ID9,ID76
ID9,ID77
ID9,ID82
ID9,ID98
ID9,ID99
ID9,ID100
ID9,ID107
ID9,ID112
ID9,ID114
ID9,ID117
ID9,ID130
ID9,ID145
ID9,ID183
ID9,ID206
ID9,ID224
ID9,ID231
ID9,ID265
ID9,ID316
ID9,ID329
ID10,ID11
ID10,ID17
ID10,ID22
ID10,ID24
ID10,ID29
ID10,ID30
ID10,ID42
ID10,ID43
ID10,ID46
ID10,ID49
ID10,ID54
ID10,ID58
ID10,ID65
ID10,ID66
ID10,ID69
ID10,ID74
ID10,ID79
ID10,ID81
ID10,ID86
ID10,ID93
ID10,ID104
ID10,ID108
ID10,ID113
ID10,ID128
ID10,ID139
ID10,ID148
ID10,ID155
ID10,ID165
ID10,ID233
ID10,ID271
ID10,ID277
ID10,ID324
ID10,ID455
ID11,ID13
ID11,ID16
ID11,ID18
ID11,ID35
ID11,ID36
ID11,ID44
ID11,ID63
ID11,ID65
ID11,ID66
ID11,ID67
ID11,ID72
ID11,ID73
ID11,ID74
ID11,ID75
ID11,ID82
ID11,ID83
ID11,ID91
ID11,ID94
ID11,ID100
ID11,ID101
ID11,ID107
ID11,ID109
ID11,ID110
ID11,ID115
ID11,ID117
ID11,ID125
ID11,ID151
ID11,ID186
ID11,ID199
ID11,ID202
ID11,ID206
ID11,ID217
ID11,ID383
ID12,ID24
ID12,ID30
ID12,ID32
ID12,ID37
ID12,ID38
ID12,ID43
ID12,ID46
ID12,ID51
ID12,ID53
ID12,ID55
ID12,ID56
ID12,ID67
ID12,ID79
ID12,ID106
ID12,ID108
ID12,ID126
ID12,ID132
ID12,ID206
ID12,ID214
ID12,ID218
ID12,ID335
ID13,ID14
ID13,ID17
ID13,ID20
ID13,ID24
ID13,ID26
ID13,ID27
ID13,ID31
ID13,ID45
ID13,ID47
ID13,ID48
ID13,ID51
ID13,ID53
ID13,ID71
ID13,ID72
ID13,ID79
ID13,ID84
ID13,ID86
ID13,ID90
ID13,ID93
ID13,ID99
ID13,ID100
ID13,ID108
ID13,ID110
ID13,ID114
ID13,ID129
ID13,ID142
ID13,ID220
ID13,ID262
ID13,ID288
ID13,ID295
ID13,ID306
ID14,ID21
ID14,ID25
ID14,ID29
ID14,ID33
ID14,ID35
ID14,ID42
ID14,ID53
ID14,ID55
ID14,ID58
ID14,ID65
ID14,ID69
ID14,ID72
ID14,ID78
ID14,ID79
ID14,ID83
ID14,ID85
ID14,ID95
ID14,ID98
ID14,ID102
ID14,ID107
ID14,ID108
ID14,ID115
ID14,ID118
ID14,ID188
ID14,ID238
ID14,ID239
ID14,ID254
ID14,ID321
ID14,ID355
ID15,ID16
ID15,ID18
ID15,ID25
ID15,ID29
ID15,ID44
ID15,ID45
ID15,ID55
ID15,ID57
ID15,ID60
ID15,ID63
ID15,ID65
ID15,ID79
ID15,ID80
ID15,ID81
ID15,ID83
ID15,ID86
ID15,ID95
ID15,ID103
ID15,ID107
ID15,ID110
ID15,ID111
ID15,ID117
ID15,ID177
ID15,ID185
ID15,ID199
ID15,ID209
ID15,ID212
ID15,ID235
ID15,ID448
ID16,ID20
ID16,ID23
ID16,ID27
ID16,ID29
ID16,ID31
ID16,ID34
ID16,ID46
ID16,ID63
ID16,ID68
ID16,ID70
ID16,ID79
ID16,ID83
ID16,ID91
ID16,ID103
ID16,ID111
ID16,ID117
ID16,ID119
ID16,ID151
ID16,ID156
ID16,ID161
ID16,ID175
ID16,ID208
ID16,ID265
ID16,ID402
ID17,ID25
ID17,ID29
ID17,ID31
ID17,ID35
ID17,ID47
ID17,ID48
ID17,ID50
ID17,ID56
ID17,ID75
ID17,ID79
ID17,ID82
ID17,ID86
ID17,ID89
ID17,ID92
ID17,ID95
ID17,ID96
ID17,ID98
ID17,ID102
ID17,ID110
ID17,ID111
ID17,ID114
ID17,ID125
ID17,ID126
ID17,ID161
ID17,ID168
ID17,ID171
ID17,ID197
ID17,ID297
ID18,ID31
ID18,ID38
ID18,ID45
ID18,ID47
ID18,ID51
ID18,ID57
ID18,ID61
ID18,ID65
ID18,ID66
ID18,ID71
ID18,ID74
ID18,ID78
ID18,ID91
ID18,ID93
ID18,ID95
ID18,ID99
ID18,ID103
ID18,ID105
ID18,ID108
ID18,ID110
ID18,ID113
ID18,ID118
ID18,ID129
ID18,ID133
ID18,ID161
ID18,ID186
ID18,ID189
ID18,ID216
ID18,ID354
ID18,ID433
ID19,ID25
ID19,ID28
ID19,ID31
ID19,ID35
ID19,ID42
ID19,ID43
ID19,ID44
ID19,ID45
ID19,ID50
ID19,ID52
ID19,ID55
ID19,ID58
ID19,ID68
ID19,ID75
ID19,ID80
ID19,ID85
ID19,ID88
ID19,ID89
ID19,ID91
ID19,ID96
ID19,ID97
ID19,ID100
ID19,ID101
ID19,ID102
ID19,ID103
ID19,ID105
ID19,ID113
ID19,ID117
ID19,ID124
ID19,ID148
ID19,ID165
ID19,ID173
ID19,ID182
ID19,ID187
ID19,ID188
ID19,ID201
ID19,ID204
ID19,ID234
ID19,ID329
ID19,ID341
ID19,ID444
ID20,ID25
ID20,ID26
ID20,ID27
ID20,ID33
ID20,ID36
ID20,ID42
ID20,ID49
ID20,ID52
ID20,ID60
ID20,ID62
ID20,ID63
ID20,ID71
ID20,ID73
ID20,ID83
ID20,ID84
ID20,ID91
ID20,ID107
ID20,ID109
ID20,ID113
ID20,ID125
ID20,ID131
ID20,ID138
ID20,ID142
ID20,ID170
ID20,ID194
ID20,ID213
ID20,ID224
ID20,ID234
ID20,ID258
ID20,ID259
ID20,ID302
ID20,ID360
ID21,ID23
ID21,ID32
ID21,ID46
ID21,ID48
ID21,ID50
ID21,ID59
ID21,ID63
ID21,ID68
ID21,ID82
ID21,ID88
ID21,ID90
ID21,ID97
ID21,ID104
ID21,ID106
ID21,ID114
ID21,ID129
ID21,ID131
ID21,ID133
ID21,ID160
ID21,ID194
ID21,ID207
ID21,ID226
ID21,ID256
ID21,ID294
ID22,ID24
ID22,ID29
ID22,ID30
ID22,ID31
ID22,ID32
ID22,ID35
ID22,ID36
ID22,ID38
ID22,ID41
ID22,ID43
ID22,ID45
ID22,ID55
ID22,ID59
ID22,ID61
ID22,ID66
ID22,ID68
ID22,ID79
ID22,ID80
ID22,ID87
ID22,ID94
ID22,ID101
ID22,ID105
ID22,ID163
ID22,ID176
ID22,ID179
ID22,ID196
ID22,ID211
ID22,ID268
ID22,ID325
ID22,ID440
ID23,ID24
ID23,ID25
ID23,ID26
ID23,ID31
ID23,ID36
ID23,ID37
ID23,ID38
ID23,ID39
ID23,ID47
ID23,ID55
ID23,ID58
ID23,ID61
ID23,ID65
ID23,ID69
ID23,ID80
ID23,ID82
ID23,ID87
ID23,ID90
ID23,ID91
ID23,ID96
ID23,ID108
ID23,ID129
ID23,ID135
ID23,ID163
ID23,ID195
ID23,ID196
ID23,ID240
ID23,ID358
ID23,ID414
ID24,ID35
ID24,ID38
ID24,ID40
ID24,ID47
ID24,ID50
ID24,ID51
ID24,ID61
ID24,ID66
ID24,ID71
ID24,ID72
ID24,ID78
ID24,ID86
ID24,ID95
ID24,ID102
ID24,ID105
ID24,ID112
ID24,ID144
ID24,ID165
ID24,ID173
ID24,ID178
ID24,ID232
ID24,ID264
ID24,ID266
ID24,ID271
ID24,ID375
ID25,ID26
ID25,ID34
ID25,ID38
ID25,ID39
ID25,ID41
ID25,ID43
ID25,ID46
ID25,ID51
ID25,ID61
ID25,ID63
ID25,ID66
ID25,ID68
ID25,ID69
ID25,ID73
ID25,ID82
ID25,ID84
ID25,ID88
ID25,ID94
ID25,ID96
ID25,ID109
ID25,ID113
ID25,ID119
ID25,ID139
ID25,ID146
ID25,ID147
ID25,ID150
ID25,ID159
ID25,ID161
ID25,ID180
ID25,ID181
ID25,ID182
ID25,ID186
ID25,ID188
ID25,ID205
ID25,ID210
ID25,ID217
ID25,ID225
ID25,ID240
ID25,ID261
ID25,ID317
ID25,ID400
ID26,ID27
ID26,ID28
ID26,ID32
ID26,ID36
ID26,ID38
ID26,ID44
ID26,ID48
ID26,ID51
ID26,ID54
ID26,ID71
ID26,ID72
ID26,ID82
ID26,ID84
ID26,ID85
ID26,ID87
ID26,ID88
ID26,ID89
ID26,ID95
ID26,ID99
ID26,ID100
ID26,ID106
ID26,ID126
ID26,ID127
ID26,ID146
ID26,ID168
ID26,ID173
ID26,ID181
ID26,ID213
ID26,ID215
ID26,ID284
ID26,ID302
ID26,ID399
ID26,ID411
ID26,ID436
ID27,ID31
ID27,ID39
ID27,ID44
ID27,ID54
ID27,ID55
ID27,ID60
ID27,ID62
ID27,ID82
ID27,ID85
ID27,ID88
ID27,ID93
ID27,ID98
ID27,ID103
ID27,ID105
ID27,ID110
ID27,ID111
ID27,ID116
ID27,ID117
ID27,ID159
ID27,ID162
ID27,ID196
ID27,ID218
ID27,ID224
ID27,ID249
ID27,ID286
ID27,ID402
ID27,ID422
ID27,ID465
ID28,ID30
ID28,ID39
ID28,ID53
ID28,ID60
ID28,ID68
ID28,ID74
ID28,ID79
ID28,ID85
ID28,ID88
ID28,ID94
ID28,ID95
ID28,ID98
ID28,ID101
ID28,ID103
ID28,ID105
ID28,ID108
ID28,ID121
ID28,ID144
ID28,ID148
ID28,ID182
ID28,ID208
ID28,ID315
ID29,ID35
ID29,ID36
ID29,ID42
ID29,ID48
ID29,ID49
ID29,ID52
ID29,ID58
ID29,ID70
ID29,ID71
ID29,ID77
ID29,ID84
ID29,ID93
ID29,ID101
ID29,ID103
ID29,ID109
ID29,ID110
ID29,ID112
ID29,ID114
ID29,ID116
ID29,ID123
ID29,ID126
ID29,ID139
ID29,ID165
ID29,ID198
ID29,ID202
ID29,ID206
ID29,ID234
ID29,ID253
ID29,ID262
ID29,ID291
ID29,ID306
ID30,ID32
ID30,ID41
ID30,ID46
ID30,ID48
ID30,ID49
ID30,ID50
ID30,ID59
ID30,ID63
ID30,ID82
ID30,ID88
ID30,ID95
ID30,ID100
ID30,ID101
ID30,ID106
ID30,ID110
ID30,ID111
ID30,ID115
ID30,ID136
ID30,ID142
ID30,ID149
ID30,ID174
ID30,ID179
ID30,ID208
ID30,ID216
ID30,ID230
ID30,ID331
ID31,ID38
ID31,ID46
ID31,ID48
ID31,ID52
ID31,ID56
ID31,ID78
ID31,ID79
ID31,ID80
ID31,ID83
ID31,ID84
ID31,ID87
ID31,ID90
ID31,ID92
ID31,ID100
ID31,ID101
ID31,ID105
ID31,ID109
ID31,ID111
ID31,ID133
ID31,ID152
ID31,ID155
ID31,ID163
ID31,ID170
ID31,ID185
ID31,ID205
ID31,ID226
ID31,ID376
ID31,ID412
ID32,ID34
ID32,ID35
ID32,ID41
ID32,ID44
ID32,ID50
ID32,ID61
ID32,ID65
ID32,ID76
ID32,ID77
ID32,ID78
ID32,ID81
ID32,ID107
ID32,ID112
ID32,ID115
ID32,ID117
ID32,ID126
ID32,ID144
ID32,ID150
ID32,ID180
ID32,ID218
ID32,ID219
ID32,ID270
ID32,ID382
ID32,ID411
ID32,ID443
ID32,ID458
ID33,ID38
ID33,ID43
ID33,ID49
ID33,ID55
ID33,ID62
ID33,ID64
ID33,ID69
ID33,ID75
ID33,ID77
ID33,ID84
ID33,ID94
ID33,ID96
ID33,ID108
ID33,ID113
ID33,ID117
ID33,ID135
ID33,ID150
ID33,ID170
ID33,ID317
ID33,ID338
ID33,ID409
ID34,ID36
ID34,ID40
ID34,ID54
ID34,ID55
ID34,ID56
ID34,ID60
ID34,ID65
ID34,ID75
ID34,ID79
ID34,ID82
ID34,ID84
ID34,ID87
ID34,ID92
ID34,ID94
ID34,ID95
ID34,ID101
ID34,ID103
ID34,ID108
ID34,ID110
ID34,ID111
ID34,ID115
ID34,ID144
ID34,ID147
ID34,ID162
ID34,ID164
ID34,ID166
ID34,ID167
ID34,ID190
ID34,ID214
ID34,ID328
ID34,ID368
ID35,ID36
ID35,ID51
ID35,ID56
ID35,ID59
ID35,ID61
ID35,ID70
ID35,ID72
ID35,ID77
ID35,ID78
ID35,ID87
ID35,ID93
ID35,ID94
ID35,ID97
ID35,ID103
ID35,ID110
ID35,ID118
ID35,ID150
ID35,ID152
ID35,ID155
ID35,ID187
ID35,ID188
ID35,ID205
ID35,ID234
ID35,ID278
ID35,ID324
ID36,ID41
ID36,ID56
ID36,ID57
ID36,ID62
ID36,ID63
ID36,ID71
ID36,ID75
ID36,ID82
ID36,ID83
ID36,ID89
ID36,ID95
ID36,ID97
ID36,ID98
ID36,ID153
ID36,ID157
ID36,ID232
ID36,ID257
ID36,ID293
ID36,ID359
ID37,ID39
ID37,ID48
ID37,ID51
ID37,ID52
ID37,ID62
ID37,ID65
ID37,ID77
ID37,ID82
ID37,ID86
ID37,ID91
ID37,ID92
ID37,ID96
ID37,ID103
ID37,ID104
ID37,ID106
ID37,ID115
ID37,ID116
ID37,ID122
ID37,ID127
ID37,ID153
ID37,ID163
ID37,ID195
ID37,ID207
ID37,ID210
ID37,ID227
ID37,ID279
ID37,ID403
ID38,ID57
ID38,ID59
ID38,ID65
ID38,ID67
ID38,ID71
ID38,ID74
ID38,ID79
ID38,ID85
ID38,ID86
ID38,ID93
ID38,ID98
ID38,ID102
ID38,ID106
ID38,ID109
ID38,ID116
ID38,ID136
ID38,ID138
ID38,ID161
ID38,ID165
ID38,ID181
ID38,ID189
ID38,ID191
ID38,ID214
ID38,ID218
ID38,ID321
ID38,ID405
ID38,ID447
ID39,ID40
ID39,ID42
ID39,ID47
ID39,ID52
ID39,ID64
ID39,ID67
ID39,ID68
ID39,ID70
ID39,ID80
ID39,ID85
ID39,ID86
ID39,ID92
ID39,ID95
ID39,ID96
ID39,ID99
ID39,ID104
ID39,ID105
ID39,ID107
ID39,ID112
ID39,ID119
ID39,ID137
ID39,ID166
ID39,ID187
ID39,ID216
ID39,ID241
ID40,ID45
ID40,ID47
ID40,ID49
ID40,ID54
ID40,ID58
ID40,ID64
ID40,ID70
ID40,ID76
ID40,ID77
ID40,ID86
ID40,ID91
ID40,ID94
ID40,ID103
ID40,ID115
ID40,ID125
ID40,ID140
ID40,ID143
ID40,ID208
ID40,ID282
ID40,ID340
ID40,ID373
ID41,ID43
ID41,ID45
ID41,ID48
ID41,ID54
ID41,ID62
ID41,ID68
ID41,ID69
ID41,ID72
ID41,ID76
ID41,ID79
ID41,ID91
ID41,ID92
ID41,ID100
ID41,ID109
ID41,ID111
ID41,ID112
ID41,ID114
ID41,ID115
ID41,ID217
ID41,ID306
ID42,ID43
ID42,ID44
ID42,ID45
ID42,ID46
ID42,ID55
ID42,ID66
ID42,ID71
ID42,ID75
ID42,ID76
ID42,ID80
ID42,ID82
ID42,ID87
ID42,ID89
ID42,ID91
ID42,ID97
ID42,ID100
ID42,ID102
ID42,ID104
ID42,ID134
ID42,ID152
ID42,ID158
ID42,ID206
ID42,ID408
ID43,ID52
ID43,ID72
ID43,ID75
ID43,ID76
ID43,ID82
ID43,ID86
ID43,ID95
ID43,ID96
ID43,ID97
ID43,ID102
ID43,ID108
ID43,ID112
ID43,ID126
ID43,ID154
ID43,ID158
ID43,ID162
ID43,ID172
ID43,ID176
ID43,ID212
ID43,ID217
ID43,ID286
ID43,ID291
ID43,ID296
ID43,ID372
ID44,ID57
ID44,ID60
ID44,ID70
ID44,ID75
ID44,ID76
ID44,ID80
ID44,ID90
ID44,ID92
ID44,ID107
ID44,ID112
ID44,ID114
ID44,ID120
ID44,ID132
ID44,ID140
ID44,ID153
ID44,ID159
ID44,ID182
ID44,ID192
ID44,ID205
ID44,ID215
ID44,ID346
ID44,ID454
ID45,ID46
ID45,ID48
ID45,ID54
ID45,ID55
ID45,ID58
ID45,ID60
ID45,ID67
ID45,ID78
ID45,ID80
ID45,ID83
ID45,ID86
ID45,ID87
ID45,ID88
ID45,ID93
ID45,ID107
ID45,ID115
ID45,ID121
ID45,ID125
ID45,ID127
ID45,ID131
ID45,ID140
ID45,ID150
ID45,ID175
ID45,ID206
ID45,ID233
ID45,ID351
ID45,ID469
ID46,ID52
ID46,ID68
ID46,ID74
ID46,ID86
ID46,ID91
ID46,ID96
ID46,ID99
ID46,ID100
ID46,ID108
ID46,ID112
ID46,ID126
ID46,ID131
ID46,ID154
ID46,ID190
ID46,ID198
ID46,ID214
ID46,ID225
ID46,ID226
ID46,ID230
ID46,ID257
ID46,ID288
ID46,ID344
ID46,ID373
ID46,ID378
ID46,ID419
ID47,ID52
ID47,ID58
ID47,ID66
ID47,ID69
ID47,ID71
ID47,ID72
ID47,ID75
ID47,ID84
ID47,ID85
ID47,ID90
ID47,ID92
ID47,ID101
ID47,ID103
ID47,ID107
ID47,ID110
ID47,ID112
ID47,ID113
ID47,ID115
ID47,ID118
ID47,ID129
ID47,ID208
ID47,ID221
ID47,ID323
ID47,ID346
ID47,ID366
ID47,ID411
ID47,ID442
ID48,ID49
ID48,ID53
ID48,ID54
ID48,ID57
ID48,ID61
ID48,ID63
ID48,ID64
ID48,ID81
ID48,ID85
ID48,ID86
ID48,ID87
ID48,ID91
ID48,ID93
ID48,ID95
ID48,ID101
ID48,ID165
ID48,ID168
ID48,ID186
ID48,ID195
ID48,ID254
ID48,ID260
ID48,ID261
ID49,ID50
ID49,ID56
ID49,ID62
ID49,ID82
ID49,ID88
ID49,ID101
ID49,ID102
ID49,ID104
ID49,ID106
ID49,ID110
ID49,ID116
ID49,ID117
ID49,ID136
ID49,ID153
ID49,ID194
ID49,ID224
ID49,ID229
ID49,ID264
ID49,ID303
ID49,ID331
ID49,ID456
ID50,ID56
ID50,ID57
ID50,ID60
ID50,ID62
ID50,ID64
ID50,ID66
ID50,ID69
ID50,ID75
ID50,ID84
ID50,ID94
ID50,ID97
ID50,ID106
ID50,ID107
ID50,ID114
ID50,ID116
ID50,ID119
ID50,ID122
ID50,ID142
ID50,ID175
ID50,ID182
ID50,ID185
ID50,ID199
ID50,ID206
ID50,ID235
ID50,ID396
ID51,ID53
ID51,ID61
ID51,ID66
ID51,ID67
ID51,ID73
ID51,ID83
ID51,ID86
ID51,ID88
ID51,ID98
ID51,ID99
ID51,ID101
ID51,ID104
ID51,ID105
ID51,ID107
ID51,ID110
ID51,ID113
ID51,ID114
ID51,ID115
ID51,ID149
ID51,ID183
ID51,ID211
ID51,ID223
ID51,ID256
ID51,ID334
ID51,ID353
ID52,ID58
ID52,ID59
ID52,ID67
ID52,ID74
ID52,ID81
ID52,ID86
ID52,ID88
ID52,ID94
ID52,ID96
ID52,ID104
ID52,ID105
ID52,ID106
ID52,ID113
ID52,ID142
ID52,ID211
ID52,ID247
ID52,ID323
ID52,ID415
ID53,ID87
ID53,ID89
ID53,ID92
ID53,ID97
ID53,ID104
ID53,ID106
ID53,ID112
ID53,ID115
ID53,ID125
ID53,ID145
ID53,ID197
ID53,ID326
ID53,ID389
ID53,ID411
ID53,ID465
ID54,ID80
ID54,ID82
ID54,ID90
ID54,ID93
ID54,ID98
ID54,ID100
ID54,ID108
ID54,ID129
ID54,ID130
ID54,ID131
ID54,ID137
ID54,ID172
ID54,ID185
ID54,ID227
ID54,ID241
ID54,ID275
ID54,ID284
ID54,ID363
ID54,ID412
ID54,ID420
ID54,ID469
ID55,ID67
ID55,ID71
ID55,ID73
ID55,ID79
ID55,ID84
ID55,ID88
ID55,ID90
ID55,ID95
ID55,ID112
ID55,ID115
ID55,ID116
ID55,ID166
ID55,ID215
ID55,ID292
ID55,ID351
ID55,ID380
ID56,ID58
ID56,ID60
ID56,ID61
ID56,ID65
ID56,ID67
ID56,ID73
ID56,ID79
ID56,ID88
ID56,ID95
ID56,ID97
ID56,ID102
ID56,ID108
ID56,ID112
ID56,ID114
ID56,ID117
ID56,ID121
ID56,ID175
ID56,ID230
ID56,ID232
ID56,ID244
ID56,ID318
ID56,ID330
ID57,ID66
ID57,ID69
ID57,ID74
ID57,ID76
ID57,ID78
ID57,ID82
ID57,ID86
ID57,ID90
ID57,ID101
ID57,ID104
ID57,ID109
ID57,ID110
ID57,ID111
ID57,ID122
ID57,ID147
ID57,ID160
ID57,ID168
ID57,ID183
ID57,ID197
ID57,ID238
ID57,ID313
ID58,ID63
ID58,ID98
ID58,ID108
ID58,ID110
ID58,ID137
ID58,ID174
ID58,ID181
ID58,ID193
ID58,ID205
ID58,ID263
ID58,ID314
ID58,ID374
ID59,ID62
ID59,ID68
ID59,ID70
ID59,ID71
ID59,ID78
ID59,ID80
ID59,ID81
ID59,ID84
ID59,ID86
ID59,ID88
ID59,ID93
ID59,ID95
ID59,ID96
ID59,ID102
ID59,ID103
ID59,ID107
ID59,ID108
ID59,ID110
ID59,ID116
ID59,ID121
ID59,ID122
ID59,ID137
ID59,ID140
ID59,ID159
ID59,ID182
ID59,ID183
ID59,ID190
ID59,ID192
ID59,ID235
ID59,ID328
ID60,ID62
ID60,ID64
ID60,ID82
ID60,ID84
ID60,ID88
ID60,ID90
ID60,ID100
ID60,ID103
ID60,ID120
ID60,ID122
ID60,ID127
ID60,ID144
ID60,ID155
ID60,ID224
ID60,ID234
ID60,ID446
ID61,ID67
ID61,ID76
ID61,ID84
ID61,ID105
ID61,ID106
ID61,ID117
ID61,ID134
ID61,ID160
ID61,ID166
ID61,ID199
ID61,ID210
ID61,ID222
ID61,ID230
ID61,ID347
ID61,ID362
ID61,ID368
ID61,ID430
ID61,ID452
ID62,ID63
ID62,ID66
ID62,ID76
ID62,ID79
ID62,ID81
ID62,ID89
ID62,ID91
ID62,ID93
ID62,ID100
ID62,ID107
ID62,ID110
ID62,ID111
ID62,ID146
ID62,ID168
ID62,ID180
ID62,ID200
ID62,ID212
ID62,ID226
ID62,ID349
ID62,ID392
ID62,ID400
ID62,ID434
ID63,ID68
ID63,ID69
ID63,ID75
ID63,ID79
ID63,ID83
ID63,ID90
ID63,ID99
ID63,ID101
ID63,ID104
ID63,ID107
ID63,ID112
ID63,ID121
ID63,ID122
ID63,ID143
ID63,ID174
ID63,ID194
ID63,ID227
ID63,ID243
ID63,ID417
ID63,ID450
ID63,ID462
ID63,ID470
ID64,ID66
ID64,ID68
ID64,ID73
ID64,ID92
ID64,ID95
ID64,ID98
ID64,ID110
ID64,ID111
ID64,ID142
ID64,ID148
ID64,ID161
ID64,ID162
ID64,ID181
ID64,ID190
ID64,ID191
ID64,ID208
ID64,ID218
ID64,ID286
ID64,ID297
ID64,ID346
ID64,ID349
ID64,ID379
ID65,ID71
ID65,ID75
ID65,ID77
ID65,ID88
ID65,ID90
ID65,ID99
ID65,ID103
ID65,ID105
ID65,ID113
ID65,ID117
ID65,ID121
ID65,ID165
ID65,ID204
ID65,ID239
ID65,ID384
ID65,ID399
ID65,ID442
ID65,ID452
ID65,ID468
ID66,ID74
ID66,ID76
ID66,ID79
ID66,ID82
ID66,ID107
ID66,ID116
ID66,ID117
ID66,ID132
ID66,ID172
ID66,ID186
ID66,ID194
ID66,ID276
ID66,ID300
ID66,ID303
ID66,ID316
ID66,ID369
ID67,ID69
ID67,ID86
ID67,ID96
ID67,ID101
ID67,ID110
ID67,ID136
ID67,ID141
ID67,ID160
ID67,ID179
ID67,ID200
ID67,ID219
ID67,ID235
ID67,ID250
ID67,ID253
ID67,ID313
ID67,ID349
ID68,ID71
ID68,ID72
ID68,ID83
ID68,ID85
ID68,ID86
ID68,ID91
ID68,ID95
ID68,ID97
ID68,ID100
ID68,ID105
ID68,ID107
ID68,ID109
ID68,ID114
ID68,ID115
ID68,ID118
ID68,ID130
ID68,ID144
ID68,ID195
ID68,ID332
ID68,ID337
ID68,ID350
ID69,ID70
ID69,ID74
ID69,ID86
ID69,ID88
ID69,ID100
ID69,ID102
ID69,ID116
ID69,ID134
ID69,ID140
ID69,ID159
ID69,ID164
ID69,ID183
ID69,ID196
ID69,ID204
ID69,ID217
ID69,ID233
ID69,ID251
ID69,ID288
ID69,ID292
ID69,ID425
ID70,ID74
ID70,ID75
ID70,ID76
ID70,ID97
ID70,ID101
ID70,ID115
ID70,ID117
ID70,ID120
ID70,ID151
ID70,ID161
ID70,ID168
ID70,ID175
ID70,ID195
ID70,ID197
ID70,ID210
ID70,ID232
ID70,ID234
ID70,ID270
ID70,ID288
ID70,ID307
ID70,ID322
ID71,ID73
ID71,ID74
ID71,ID78
ID71,ID83
ID71,ID86
ID71,ID89
ID71,ID94
ID71,ID99
ID71,ID103
ID71,ID105
ID71,ID109
ID71,ID112
ID71,ID117
ID71,ID139
ID71,ID146
ID71,ID189
ID71,ID217
ID71,ID222
ID71,ID278
ID71,ID379
ID72,ID73
ID72,ID86
ID72,ID87
ID72,ID90
ID72,ID95
ID72,ID98
ID72,ID104
ID72,ID107
ID72,ID118
ID72,ID123
ID72,ID125
ID72,ID145
ID72,ID171
ID72,ID191
ID72,ID192
ID72,ID197
ID72,ID219
ID72,ID237
ID72,ID241
ID72,ID255
ID72,ID327
ID72,ID345
ID72,ID346
ID72,ID391
ID72,ID441
ID73,ID78
ID73,ID80
ID73,ID82
ID73,ID94
ID73,ID96
ID73,ID97
ID73,ID98
ID73,ID107
ID73,ID116
ID73,ID142
ID73,ID143
ID73,ID241
ID73,ID254
ID73,ID345
ID73,ID351
ID73,ID456
ID74,ID90
ID74,ID91
ID74,ID93
ID74,ID97
ID74,ID98
ID74,ID107
ID74,ID110
ID74,ID115
ID74,ID117
ID74,ID129
ID74,ID158
ID74,ID164
ID74,ID172
ID74,ID173
ID74,ID192
ID74,ID205
ID74,ID229
ID74,ID237
ID74,ID300
ID74,ID396
ID74,ID411
ID75,ID94
ID75,ID99
ID75,ID100
ID75,ID103
ID75,ID107
ID75,ID111
ID75,ID114
ID75,ID120
ID75,ID156
ID75,ID163
ID75,ID166
ID75,ID170
ID75,ID216
ID75,ID223
ID75,ID285
ID75,ID313
ID75,ID426
ID76,ID77
ID76,ID80
ID76,ID87
ID76,ID88
ID76,ID91
ID76,ID115
ID76,ID139
ID76,ID145
ID76,ID149
ID76,ID156
ID76,ID164
ID76,ID200
ID76,ID252
ID76,ID257
ID76,ID335
ID76,ID381
ID76,ID460
ID76,ID462
ID77,ID84
ID77,ID87
ID77,ID95
ID77,ID98
ID77,ID107
ID77,ID108
ID77,ID109
ID77,ID114
ID77,ID136
ID77,ID161
ID77,ID186
ID77,ID199
ID77,ID231
ID77,ID236
ID77,ID239
ID77,ID270
ID78,ID81
ID78,ID87
ID78,ID89
ID78,ID90
ID78,ID93
ID78,ID103
ID78,ID107
ID78,ID109
ID78,ID110
ID78,ID115
ID78,ID116
ID78,ID123
ID78,ID168
ID78,ID229
ID78,ID291
ID78,ID316
ID78,ID319
ID78,ID329
ID78,ID441
ID79,ID85
ID79,ID94
ID79,ID97
ID79,ID108
ID79,ID110
ID79,ID114
ID79,ID115
ID79,ID150
ID79,ID166
ID79,ID170
ID79,ID191
ID79,ID194
ID79,ID210
ID79,ID214
ID79,ID217
ID79,ID220
ID79,ID236
ID79,ID274
ID79,ID291
ID79,ID376
ID79,ID447
ID80,ID81
ID80,ID99
ID80,ID105
ID80,ID163
ID80,ID180
ID80,ID183
ID80,ID193
ID80,ID195
ID80,ID233
ID80,ID234
ID80,ID304
ID80,ID334
ID80,ID348
ID81,ID85
ID81,ID92
ID81,ID100
ID81,ID105
ID81,ID106
ID81,ID108
ID81,ID109
ID81,ID115
ID81,ID180
ID81,ID186
ID81,ID213
ID81,ID286
ID81,ID316
ID81,ID320
ID81,ID341
ID81,ID432
ID81,ID456
ID82,ID83
ID82,ID86
ID82,ID93
ID82,ID100
ID82,ID106
ID82,ID109
ID82,ID114
ID82,ID119
ID82,ID132
ID82,ID152
ID82,ID153
ID82,ID162
ID82,ID252
ID82,ID257
ID82,ID288
ID83,ID84
ID83,ID86
ID83,ID87
ID83,ID89
ID83,ID90
ID83,ID91
ID83,ID95
ID83,ID97
ID83,ID102
ID83,ID111
ID83,ID113
ID83,ID117
ID83,ID135
ID83,ID149
ID83,ID152
ID83,ID166
ID83,ID194
ID83,ID203
ID83,ID310
ID83,ID354
ID83,ID358
ID83,ID401
ID83,ID448
ID83,ID452
ID83,ID459
ID84,ID94
ID84,ID98
ID84,ID102
ID84,ID106
ID84,ID109
ID84,ID110
ID84,ID114
ID84,ID123
ID84,ID126
ID84,ID135
ID84,ID141
ID84,ID146
ID84,ID152
ID84,ID161
ID84,ID225
ID84,ID313
ID84,ID440
ID85,ID87
ID85,ID93
ID85,ID108
ID85,ID112
ID85,ID115
ID85,ID116
ID85,ID136
ID85,ID141
ID85,ID151
ID85,ID160
ID85,ID161
ID85,ID187
ID85,ID193
ID85,ID199
ID85,ID281
ID85,ID328
ID86,ID93
ID86,ID106
ID86,ID107
ID86,ID110
ID86,ID114
ID86,ID116
ID86,ID172
ID86,ID179
ID86,ID220
ID86,ID225
ID86,ID235
ID86,ID346
ID87,ID91
ID87,ID99
ID87,ID100
ID87,ID102
ID87,ID107
ID87,ID111
ID87,ID114
ID87,ID119
ID87,ID175
ID87,ID178
ID87,ID187
ID87,ID191
ID87,ID193
ID87,ID280
ID87,ID321
ID87,ID462
ID88,ID91
ID88,ID92
ID88,ID93
ID88,ID99
ID88,ID112
ID88,ID117
ID88,ID164
ID88,ID166
ID88,ID185
ID88,ID205
ID88,ID214
ID88,ID267
ID88,ID299
ID88,ID309
ID88,ID337
ID88,ID366
ID88,ID378
ID89,ID91
ID89,ID94
ID89,ID101
ID89,ID116
ID89,ID194
ID89,ID203
ID89,ID222
ID89,ID293
ID89,ID375
ID90,ID96
ID90,ID98
ID90,ID100
ID90,ID105
ID90,ID114
ID90,ID115
ID90,ID122
ID90,ID139
ID90,ID183
ID90,ID185
ID90,ID187
ID90,ID204
ID90,ID252
ID90,ID347
ID91,ID102
ID91,ID104
ID91,ID106
ID91,ID108
ID91,ID111
ID91,ID112
ID91,ID118
ID91,ID209
ID91,ID215
ID91,ID248
ID92,ID101
ID92,ID109
ID92,ID110
ID92,ID117
ID92,ID133
ID92,ID150
ID92,ID193
ID92,ID201
ID92,ID219
ID92,ID247
ID92,ID297
ID92,ID329
ID92,ID391
ID92,ID396
ID93,ID94
ID93,ID95
ID93,ID101
ID93,ID102
ID93,ID107
ID93,ID112
ID93,ID115
ID93,ID139
ID93,ID175
ID93,ID185
ID93,ID265
ID93,ID293
ID94,ID96
ID94,ID97
ID94,ID109
ID94,ID112
ID94,ID115
ID94,ID124
ID94,ID128
ID94,ID155
ID94,ID178
ID94,ID194
ID94,ID218
ID94,ID249
ID94,ID296
ID94,ID329
ID94,ID451
ID94,ID456
ID95,ID99
ID95,ID104
ID95,ID106
ID95,ID109
ID95,ID116
ID95,ID131
ID95,ID132
ID95,ID140
ID95,ID160
ID95,ID168
ID95,ID173
ID95,ID179
ID95,ID186
ID95,ID219
ID95,ID229
ID95,ID230
ID95,ID295
ID95,ID344
ID95,ID418
ID96,ID100
ID96,ID102
ID96,ID105
ID96,ID109
ID96,ID116
ID96,ID153
ID96,ID172
ID96,ID202
ID96,ID203
ID96,ID204
ID96,ID221
ID96,ID222
ID96,ID296
ID96,ID340
ID96,ID350
ID96,ID427
ID97,ID98
ID97,ID100
ID97,ID103
ID97,ID105
ID97,ID106
ID97,ID109
ID97,ID127
ID97,ID153
ID97,ID179
ID97,ID183
ID97,ID185
ID97,ID188
ID97,ID192
ID97,ID197
ID97,ID199
ID97,ID205
ID97,ID207
ID97,ID232
ID97,ID294
ID97,ID330
ID97,ID349
ID97,ID354
ID97,ID444
ID98,ID100
ID98,ID107
ID98,ID116
ID98,ID123
ID98,ID135
ID98,ID176
ID98,ID216
ID98,ID218
ID98,ID230
ID98,ID252
ID98,ID259
ID98,ID277
ID98,ID285
ID98,ID293
ID98,ID407
ID98,ID453
ID99,ID100
ID99,ID111
ID99,ID115
ID99,ID116
ID99,ID129
ID99,ID149
ID99,ID202
ID99,ID242
ID99,ID253
ID99,ID261
ID100,ID108
ID100,ID110
ID100,ID113
ID100,ID114
ID100,ID131
ID100,ID132
ID100,ID144
ID100,ID173
ID100,ID191
ID100,ID198
ID100,ID212
ID100,ID222
ID100,ID268
ID100,ID293
ID100,ID315
ID100,ID371
ID100,ID388
ID101,ID106
ID101,ID108
ID101,ID111
ID101,ID113
ID101,ID114
ID101,ID190
ID101,ID191
ID101,ID206
ID101,ID223
ID101,ID226
ID101,ID228
ID101,ID297
ID101,ID329
ID101,ID384
ID102,ID107
ID102,ID111
ID102,ID115
ID102,ID117
ID102,ID122
ID102,ID162
ID102,ID180
ID102,ID218
ID102,ID321
ID103,ID105
ID103,ID108
ID103,ID109
ID103,ID115
ID103,ID131
ID103,ID157
ID103,ID182
ID103,ID224
ID103,ID230
ID103,ID294
ID103,ID321
ID104,ID109
ID104,ID136
ID104,ID165
ID104,ID170
ID104,ID178
ID104,ID199
ID104,ID257
ID104,ID259
ID104,ID276
ID104,ID312
ID104,ID330
ID105,ID106
ID105,ID113
ID105,ID122
ID105,ID133
ID105,ID150
ID105,ID166
ID105,ID170
ID105,ID173
ID105,ID194
ID105,ID198
ID105,ID224
ID105,ID320
ID105,ID436
ID105,ID441
ID106,ID107
ID106,ID110
ID106,ID115
ID106,ID167
ID106,ID176
ID106,ID191
ID106,ID201
ID106,ID203
ID106,ID224
ID106,ID234
ID106,ID259
ID106,ID360
ID106,ID403
ID107,ID111
ID107,ID139
ID107,ID155
ID107,ID163
ID107,ID171
ID107,ID175
ID107,ID181
ID107,ID198
ID107,ID208
ID107,ID314
ID107,ID350
ID107,ID428
ID108,ID110
ID108,ID137
ID108,ID223
ID108,ID232
ID108,ID268
ID108,ID299
ID108,ID307
ID108,ID325
ID108,ID357
ID108,ID391
ID108,ID443
ID109,ID112
ID109,ID116
ID109,ID135
ID109,ID143
ID109,ID156
ID109,ID168
ID109,ID173
ID109,ID185
ID109,ID191
ID109,ID204
ID109,ID210
ID109,ID218
ID109,ID227
ID109,ID232
ID109,ID380
ID109,ID444
ID109,ID466
ID110,ID113
ID110,ID114
ID110,ID116
ID110,ID120
ID110,ID137
ID110,ID151
ID110,ID173
ID110,ID185
ID110,ID199
ID110,ID208
ID110,ID233
ID110,ID240
ID110,ID250
ID110,ID317
ID110,ID374
ID110,ID439
ID111,ID114
ID111,ID117
ID111,ID146
ID111,ID183
ID111,ID194
ID111,ID202
ID111,ID218
ID111,ID256
ID111,ID275
ID111,ID314
ID111,ID371
ID111,ID406
ID111,ID434
ID111,ID444
ID112,ID127
ID112,ID164
ID112,ID194
ID112,ID206
ID112,ID210
ID112,ID226
ID112,ID250
ID112,ID343
ID112,ID462
ID113,ID152
ID113,ID153
ID113,ID158
ID113,ID178
ID113,ID189
ID113,ID190
ID113,ID259
ID113,ID289
ID113,ID308
ID113,ID328
ID113,ID368
ID114,ID144
ID114,ID178
ID114,ID179
ID114,ID194
ID114,ID283
ID114,ID306
ID114,ID315
ID115,ID149
ID115,ID206
ID115,ID287
ID115,ID306
ID115,ID335
ID115,ID347
ID116,ID117
ID116,ID120
ID116,ID165
ID116,ID185
ID116,ID225
ID116,ID226
ID116,ID291
ID117,ID142
ID117,ID145
ID117,ID182
ID117,ID208
ID117,ID212
ID117,ID224
ID117,ID235
ID117,ID249
ID117,ID304
ID117,ID362
ID117,ID364
ID117,ID371
ID117,ID436
ID118,ID122
ID118,ID124
ID118,ID126
ID118,ID127
ID118,ID144
ID118,ID170
ID118,ID177
ID118,ID182
ID118,ID189
ID118,ID193
ID118,ID212
ID118,ID216
ID118,ID247
ID118,ID256
ID118,ID259
ID118,ID305
ID118,ID311
ID118,ID320
ID118,ID340
ID118,ID359
ID118,ID385
ID119,ID129
ID119,ID144
ID119,ID149
ID119,ID179
ID119,ID180
ID119,ID187
ID119,ID188
ID119,ID196
ID119,ID205
ID119,ID207
ID119,ID222
ID119,ID223
ID119,ID230
ID119,ID233
ID119,ID234
ID119,ID255
ID119,ID310
ID119,ID315
ID119,ID327
ID119,ID335
ID119,ID377
ID119,ID440
ID120,ID137
ID120,ID156
ID120,ID157
ID120,ID160
ID120,ID164
ID120,ID172
ID120,ID175
ID120,ID180
ID120,ID183
ID120,ID190
ID120,ID204
ID120,ID218
ID120,ID222
ID120,ID228
ID120,ID231
ID120,ID261
ID120,ID279
ID120,ID401
ID120,ID422
ID121,ID136
ID121,ID140
ID121,ID142
ID121,ID144
ID121,ID146
ID121,ID148
ID121,ID150
ID121,ID151
ID121,ID168
ID121,ID173
ID121,ID182
ID121,ID183
ID121,ID188
ID121,ID200
ID121,ID203
ID121,ID217
ID121,ID218
ID121,ID226
ID121,ID238
ID121,ID283
ID121,ID291
ID121,ID320
ID121,ID347
ID121,ID364
ID121,ID395
ID121,ID397
ID121,ID430
ID122,ID126
ID122,ID129
ID122,ID136
ID122,ID144
ID122,ID151
ID122,ID154
ID122,ID155
ID122,ID156
ID122,ID157
ID122,ID175
ID122,ID186
ID122,ID204
ID122,ID209
ID122,ID218
ID122,ID220
ID122,ID234
ID122,ID235
ID122,ID273
ID122,ID274
ID122,ID315
ID122,ID318
ID122,ID406
ID122,ID434
ID123,ID125
ID123,ID129
ID123,ID136
ID123,ID138
ID123,ID145
ID123,ID147
ID123,ID161
ID123,ID166
ID123,ID169
ID123,ID185
ID123,ID189
ID123,ID205
ID123,ID210
ID123,ID222
ID123,ID225
ID123,ID230
ID123,ID233
ID123,ID238
ID123,ID279
ID123,ID287
ID123,ID296
ID123,ID300
ID123,ID327
ID123,ID431
ID123,ID471
ID124,ID128
ID124,ID129
ID124,ID133
ID124,ID154
ID124,ID155
ID124,ID156
ID124,ID161
ID124,ID182
ID124,ID186
ID124,ID189
ID124,ID211
ID124,ID212
ID124,ID231
ID124,ID249
ID124,ID277
ID124,ID287
ID124,ID319
ID124,ID420
ID124,ID449
ID125,ID139
ID125,ID155
ID125,ID158
ID125,ID172
ID125,ID176
ID125,ID181
ID125,ID182
ID125,ID183
ID125,ID187
ID125,ID190
ID125,ID193
ID125,ID194
ID125,ID197
ID125,ID200
ID125,ID204
ID125,ID208
ID125,ID210
ID125,ID211
ID125,ID218
ID125,ID226
ID125,ID247
ID125,ID320
ID125,ID332
ID125,ID345
ID125,ID349
ID126,ID128
ID126,ID129
ID126,ID139
ID126,ID146
ID126,ID158
ID126,ID169
ID126,ID189
ID126,ID198
ID126,ID199
ID126,ID204
ID126,ID210
ID126,ID233
ID126,ID234
ID126,ID345
ID126,ID352
ID127,ID128
ID127,ID131
ID127,ID132
ID127,ID138
ID127,ID146
ID127,ID149
ID127,ID169
ID127,ID174
ID127,ID185
ID127,ID186
ID127,ID189
ID127,ID191
ID127,ID195
ID127,ID197
ID127,ID198
ID127,ID201
ID127,ID204
ID127,ID208
ID127,ID210
ID127,ID214
ID127,ID216
ID127,ID217
ID127,ID220
ID127,ID227
ID127,ID277
ID127,ID281
ID128,ID131
ID128,ID139
ID128,ID168
ID128,ID182
ID128,ID188
ID128,ID192
ID128,ID199
ID128,ID201
ID128,ID208
ID128,ID210
ID128,ID212
ID128,ID217
ID128,ID224
ID128,ID227
ID128,ID229
ID128,ID234
ID128,ID252
ID128,ID260
ID128,ID304
ID129,ID132
ID129,ID138
ID129,ID143
ID129,ID152
ID129,ID155
ID129,ID164
ID129,ID165
ID129,ID183
ID129,ID184
ID129,ID194
ID129,ID225
ID129,ID255
ID129,ID333
ID129,ID457
ID130,ID146
ID130,ID147
ID130,ID154
ID130,ID158
ID130,ID186
ID130,ID212
ID130,ID213
ID130,ID214
ID130,ID217
ID130,ID222
ID130,ID251
ID130,ID266
ID130,ID279
ID130,ID285
ID130,ID317
ID130,ID326
ID130,ID344
ID130,ID363
ID131,ID134
ID131,ID139
ID131,ID142
ID131,ID152
ID131,ID176
ID131,ID177
ID131,ID191
ID131,ID192
ID131,ID195
ID131,ID215
ID131,ID216
ID131,ID295
ID131,ID299
ID131,ID303
ID131,ID321
ID132,ID134
ID132,ID136
ID132,ID146
ID132,ID147
ID132,ID152
ID132,ID159
ID132,ID163
ID132,ID165
ID132,ID167
ID132,ID171
ID132,ID172
ID132,ID177
ID132,ID179
ID132,ID188
ID132,ID191
ID132,ID200
ID132,ID201
ID132,ID206
ID132,ID209
ID132,ID218
ID132,ID227
ID132,ID229
ID132,ID233
ID132,ID311
ID132,ID349
ID132,ID350
ID132,ID359
ID133,ID144
ID133,ID158
ID133,ID177
ID133,ID178
ID133,ID187
ID133,ID199
ID133,ID210
ID133,ID211
ID133,ID216
ID133,ID226
ID133,ID277
ID133,ID439
ID133,ID466
ID134,ID140
ID134,ID146
ID134,ID147
ID134,ID154
ID134,ID162
ID134,ID163
ID134,ID175
ID134,ID177
ID134,ID185
ID134,ID193
ID134,ID195
ID134,ID196
ID134,ID198
ID134,ID207
ID134,ID212
ID134,ID221
ID134,ID224
ID134,ID233
ID134,ID310
ID134,ID349
ID134,ID434
ID135,ID136
ID135,ID142
ID135,ID144
ID135,ID152
ID135,ID153
ID135,ID160
ID135,ID164
ID135,ID173
ID135,ID185
ID135,ID187
ID135,ID190
ID135,ID191
ID135,ID202
ID135,ID216
ID135,ID227
ID135,ID231
ID135,ID283
ID135,ID346
ID135,ID359
ID136,ID139
ID136,ID144
ID136,ID146
ID136,ID148
ID136,ID165
ID136,ID167
ID136,ID168
ID136,ID171
ID136,ID178
ID136,ID181
ID136,ID189
ID136,ID199
ID136,ID207
ID136,ID209
ID136,ID212
ID136,ID216
ID136,ID225
ID136,ID228
ID136,ID242
ID136,ID266
ID136,ID300
ID137,ID138
ID137,ID142
ID137,ID149
ID137,ID154
ID137,ID162
ID137,ID172
ID137,ID189
ID137,ID190
ID137,ID201
ID137,ID203
ID137,ID222
ID137,ID224
ID137,ID227
ID137,ID230
ID137,ID237
ID137,ID244
ID137,ID426
ID138,ID142
ID138,ID154
ID138,ID158
ID138,ID173
ID138,ID179
ID138,ID180
ID138,ID184
ID138,ID191
ID138,ID194
ID138,ID196
ID138,ID212
ID138,ID214
ID138,ID226
ID138,ID228
ID138,ID229
ID138,ID234
ID138,ID350
ID139,ID141
ID139,ID147
ID139,ID152
ID139,ID155
ID139,ID159
ID139,ID160
ID139,ID166
ID139,ID180
ID139,ID186
ID139,ID191
ID139,ID192
ID139,ID197
ID139,ID209
ID139,ID212
ID139,ID220
ID139,ID221
ID139,ID223
ID139,ID229
ID139,ID230
ID139,ID254
ID139,ID285
ID139,ID286
ID139,ID298
ID139,ID306
ID139,ID316
ID139,ID357
ID140,ID142
ID140,ID146
ID140,ID156
ID140,ID159
ID140,ID162
ID140,ID163
ID140,ID164
ID140,ID184
ID140,ID187
ID140,ID193
ID140,ID204
ID140,ID210
ID140,ID213
ID140,ID229
ID140,ID235
ID140,ID278
ID140,ID329
ID140,ID330
ID140,ID333
ID141,ID149
ID141,ID158
ID141,ID167
ID141,ID170
ID141,ID184
ID141,ID186
ID141,ID191
ID141,ID194
ID141,ID211
ID141,ID212
ID141,ID216
ID141,ID217
ID141,ID220
ID142,ID147
ID142,ID148
ID142,ID151
ID142,ID156
ID142,ID160
ID142,ID166
ID142,ID171
ID142,ID176
ID142,ID179
ID142,ID197
ID142,ID199
ID142,ID205
ID142,ID214
ID142,ID219
ID142,ID221
ID142,ID226
ID142,ID230
ID142,ID251
ID142,ID320
ID142,ID449
ID143,ID144
ID143,ID148
ID143,ID152
ID143,ID171
ID143,ID179
ID143,ID192
ID143,ID194
ID143,ID200
ID143,ID203
ID143,ID211
ID143,ID222
ID143,ID223
ID143,ID226
ID143,ID227
ID143,ID228
ID143,ID229
ID143,ID339
ID143,ID428
ID143,ID436
ID143,ID471
ID144,ID160
ID144,ID165
ID144,ID173
ID144,ID177
ID144,ID186
ID144,ID193
ID144,ID201
ID144,ID202
ID144,ID206
ID144,ID210
ID144,ID216
ID144,ID217
ID144,ID239
ID144,ID284
ID144,ID286
ID144,ID321
ID144,ID337
ID144,ID351
ID145,ID146
ID145,ID156
ID145,ID159
ID145,ID161
ID145,ID163
ID145,ID167
ID145,ID170
ID145,ID174
ID145,ID181
ID145,ID182
ID145,ID184
ID145,ID194
ID145,ID201
ID145,ID202
ID145,ID209
ID145,ID232
ID145,ID301
ID145,ID335
ID145,ID341
ID145,ID374
ID145,ID393
ID145,ID396
ID145,ID423
ID146,ID147
ID146,ID149
ID146,ID159
ID146,ID164
ID146,ID166
ID146,ID169
ID146,ID171
ID146,ID178
ID146,ID181
ID146,ID184
ID146,ID186
ID146,ID218
ID146,ID237
ID146,ID320
ID146,ID326
ID146,ID327
ID146,ID349
ID146,ID353
ID147,ID149
ID147,ID158
ID147,ID163
ID147,ID173
ID147,ID188
ID147,ID196
ID147,ID206
ID147,ID207
ID147,ID209
ID147,ID235
ID147,ID245
ID147,ID262
ID147,ID294
ID147,ID387
ID147,ID395
ID147,ID468
ID148,ID152
ID148,ID164
ID148,ID169
ID148,ID179
ID148,ID183
ID148,ID185
ID148,ID186
ID148,ID188
ID148,ID196
ID148,ID201
ID148,ID219
ID148,ID234
ID148,ID286
ID148,ID298
ID148,ID308
ID149,ID165
ID149,ID179
ID149,ID193
ID149,ID210
ID149,ID221
ID149,ID222
ID149,ID224
ID149,ID228
ID149,ID232
ID149,ID290
ID149,ID297
ID149,ID314
ID149,ID448
ID149,ID455
ID150,ID157
ID150,ID158
ID150,ID177
ID150,ID178
ID150,ID181
ID150,ID186
ID150,ID187
ID150,ID188
ID150,ID195
ID150,ID196
ID150,ID197
ID150,ID199
ID150,ID203
ID150,ID212
ID150,ID214
ID150,ID218
ID150,ID223
ID150,ID231
ID150,ID236
ID150,ID238
ID150,ID252
ID150,ID284
ID150,ID312
ID150,ID335
ID150,ID353
ID151,ID158
ID151,ID159
ID151,ID160
ID151,ID162
ID151,ID164
ID151,ID165
ID151,ID202
ID151,ID211
ID151,ID223
ID151,ID230
ID152,ID160
ID152,ID162
ID152,ID187
ID152,ID188
ID152,ID193
ID152,ID195
ID152,ID206
ID152,ID209
ID152,ID212
ID152,ID221
ID152,ID242
ID152,ID297
ID152,ID298
ID152,ID305
ID153,ID164
ID153,ID169
ID153,ID179
ID153,ID190
ID153,ID191
ID153,ID195
ID153,ID206
ID153,ID219
ID153,ID223
ID153,ID230
ID153,ID232
ID153,ID321
ID154,ID156
ID154,ID167
ID154,ID175
ID154,ID177
ID154,ID190
ID154,ID191
ID154,ID192
ID154,ID204
ID154,ID219
ID154,ID228
ID154,ID233
ID154,ID249
ID154,ID261
ID154,ID300
ID154,ID317
ID154,ID347
ID154,ID471
ID155,ID157
ID155,ID162
ID155,ID164
ID155,ID169
ID155,ID181
ID155,ID204
ID155,ID205
ID155,ID212
ID155,ID215
ID155,ID224
ID155,ID247
ID155,ID250
ID155,ID263
ID156,ID162
ID156,ID168
ID156,ID172
ID156,ID180
ID156,ID181
ID156,ID186
ID156,ID191
ID156,ID193
ID156,ID200
ID156,ID201
ID156,ID205
ID156,ID213
ID156,ID217
ID156,ID222
ID156,ID228
ID156,ID238
ID156,ID383
ID156,ID423
ID157,ID163
ID157,ID171
ID157,ID173
ID157,ID181
ID157,ID183
ID157,ID188
ID157,ID190
ID157,ID192
ID157,ID195
ID157,ID200
ID157,ID201
ID157,ID205
ID157,ID207
ID157,ID214
ID157,ID221
ID157,ID225
ID157,ID232
ID157,ID306
ID157,ID424
ID158,ID161
ID158,ID167
ID158,ID180
ID158,ID195
ID158,ID200
ID158,ID212
ID158,ID218
ID158,ID224
ID158,ID227
ID158,ID230
ID158,ID234
ID158,ID323
ID158,ID351
ID159,ID166
ID159,ID174
ID159,ID184
ID159,ID187
ID159,ID204
ID159,ID215
ID159,ID255
ID159,ID324
ID159,ID336
ID159,ID344
ID159,ID395
ID159,ID456
ID159,ID465
ID160,ID164
ID160,ID166
ID160,ID179
ID160,ID183
ID160,ID205
ID160,ID211
ID160,ID212
ID160,ID219
ID160,ID224
ID160,ID227
ID160,ID234
ID160,ID263
ID160,ID295
ID160,ID310
ID160,ID341
ID161,ID199
ID161,ID206
ID161,ID219
ID161,ID224
ID161,ID296
ID161,ID310
ID161,ID315
ID161,ID349
ID161,ID370
ID161,ID384
ID162,ID165
ID162,ID182
ID162,ID187
ID162,ID189
ID162,ID193
ID162,ID197
ID162,ID198
ID162,ID199
ID162,ID230
ID162,ID233
ID162,ID235
ID162,ID258
ID162,ID291
ID162,ID312
ID162,ID316
ID162,ID319
ID162,ID350
ID162,ID361
ID162,ID380
ID162,ID410
ID163,ID177
ID163,ID178
ID163,ID188
ID163,ID197
ID163,ID198
ID163,ID204
ID163,ID218
ID163,ID244
ID163,ID250
ID163,ID261
ID163,ID270
ID163,ID353
ID163,ID355
ID163,ID396
ID163,ID400
ID163,ID407
ID164,ID170
ID164,ID173
ID164,ID179
ID164,ID186
ID164,ID193
ID164,ID195
ID164,ID199
ID164,ID200
ID164,ID204
ID164,ID209
ID164,ID213
ID164,ID219
ID164,ID225
ID164,ID334
ID165,ID176
ID165,ID188
ID165,ID191
ID165,ID202
ID165,ID209
ID165,ID221
ID165,ID222
ID165,ID253
ID165,ID274
ID165,ID299
ID165,ID333
ID165,ID403
ID165,ID443
ID166,ID179
ID166,ID182
ID166,ID185
ID166,ID186
ID166,ID187
ID166,ID193
ID166,ID196
ID166,ID200
ID166,ID204
ID166,ID205
ID166,ID206
ID166,ID210
ID166,ID216
ID166,ID221
ID166,ID229
ID166,ID324
ID167,ID168
ID167,ID169
ID167,ID173
ID167,ID176
ID167,ID185
ID167,ID187
ID167,ID192
ID167,ID199
ID167,ID201
ID167,ID203
ID167,ID206
ID167,ID214
ID167,ID217
ID167,ID225
ID167,ID228
ID167,ID253
ID167,ID262
ID167,ID269
ID167,ID289
ID167,ID339
ID167,ID383
ID167,ID443
ID168,ID171
ID168,ID179
ID168,ID180
ID168,ID188
ID168,ID191
ID168,ID214
ID168,ID217
ID168,ID218
ID168,ID223
ID168,ID230
ID168,ID280
ID168,ID287
ID168,ID289
ID168,ID332
ID168,ID348
ID168,ID423
ID169,ID170
ID169,ID172
ID169,ID180
ID169,ID183
ID169,ID186
ID169,ID193
ID169,ID208
ID169,ID209
ID169,ID213
ID169,ID214
ID169,ID232
ID169,ID236
ID169,ID237
ID169,ID250
ID169,ID283
ID169,ID344
ID169,ID371
ID169,ID468
ID170,ID173
ID170,ID184
ID170,ID197
ID170,ID198
ID170,ID200
ID170,ID206
ID170,ID209
ID170,ID219
ID170,ID228
ID170,ID234
ID170,ID284
ID170,ID300
ID170,ID352
ID171,ID172
ID171,ID177
ID171,ID182
ID171,ID184
ID171,ID187
ID171,ID189
ID171,ID199
ID171,ID201
ID171,ID211
ID171,ID229
ID171,ID231
ID171,ID262
ID171,ID267
ID171,ID269
ID171,ID352
ID172,ID178
ID172,ID192
ID172,ID194
ID172,ID198
ID172,ID202
ID172,ID206
ID172,ID212
ID172,ID216
ID172,ID219
ID172,ID220
ID172,ID222
ID172,ID234
ID172,ID313
ID172,ID432
ID173,ID183
ID173,ID223
ID173,ID227
ID173,ID235
ID173,ID238
ID173,ID244
ID173,ID261
ID173,ID270
ID173,ID300
ID173,ID340
ID173,ID345
ID173,ID436
ID173,ID469
ID174,ID182
ID174,ID191
ID174,ID196
ID174,ID198
ID174,ID200
ID174,ID202
ID174,ID203
ID174,ID205
ID174,ID210
ID174,ID211
ID174,ID217
ID174,ID222
ID174,ID245
ID174,ID251
ID174,ID278
ID174,ID396
ID174,ID416
ID175,ID178
ID175,ID187
ID175,ID190
ID175,ID191
ID175,ID197
ID175,ID205
ID175,ID208
ID175,ID211
ID175,ID219
ID175,ID243
ID175,ID267
ID175,ID274
ID175,ID286
ID175,ID311
ID175,ID322
ID175,ID333
ID175,ID356
ID176,ID182
ID176,ID205
ID176,ID207
ID176,ID211
ID176,ID232
ID176,ID233
ID176,ID263
ID176,ID268
ID176,ID273
ID176,ID289
ID176,ID300
ID176,ID313
ID176,ID334
ID176,ID353
ID176,ID362
ID176,ID406
ID176,ID440
ID176,ID445
ID177,ID182
ID177,ID186
ID177,ID198
ID177,ID201
ID177,ID209
ID177,ID210
ID177,ID215
ID177,ID222
ID177,ID225
ID177,ID229
ID177,ID243
ID177,ID251
ID177,ID277
ID177,ID293
ID177,ID333
ID178,ID192
ID178,ID194
ID178,ID223
ID178,ID228
ID178,ID229
ID178,ID291
ID178,ID336
ID178,ID342
ID178,ID387
ID178,ID420
ID179,ID181
ID179,ID182
ID179,ID193
ID179,ID218
ID179,ID224
ID179,ID225
ID179,ID226
ID179,ID234
ID179,ID280
ID179,ID337
ID179,ID347
ID179,ID412
ID179,ID462
ID180,ID182
ID180,ID192
ID180,ID199
ID180,ID212
ID180,ID231
ID180,ID235
ID180,ID302
ID180,ID313
ID180,ID366
ID181,ID183
ID181,ID188
ID181,ID190
ID181,ID202
ID181,ID210
ID181,ID217
ID181,ID219
ID181,ID228
ID181,ID229
ID181,ID286
ID181,ID294
ID181,ID307
ID181,ID318
ID181,ID403
ID181,ID462
ID182,ID185
ID182,ID203
ID182,ID218
ID182,ID224
ID182,ID246
ID182,ID295
ID182,ID353
ID182,ID360
ID182,ID393
ID182,ID443
ID183,ID190
ID183,ID199
ID183,ID205
ID183,ID216
ID183,ID219
ID183,ID225
ID183,ID230
ID183,ID275
ID183,ID286
ID183,ID296
ID183,ID322
ID184,ID191
ID184,ID195
ID184,ID213
ID184,ID219
ID184,ID222
ID184,ID233
ID184,ID303
ID184,ID309
ID184,ID343
ID184,ID435
ID184,ID471
ID185,ID199
ID185,ID205
ID185,ID206
ID185,ID209
ID185,ID224
ID185,ID226
ID185,ID233
ID185,ID234
ID185,ID332
ID186,ID188
ID186,ID197
ID186,ID210
ID186,ID224
ID186,ID233
ID186,ID241
ID186,ID280
ID186,ID306
ID186,ID325
ID186,ID452
ID186,ID464
ID187,ID190
ID187,ID193
ID187,ID198
ID187,ID205
ID187,ID213
ID187,ID216
ID187,ID223
ID187,ID224
ID187,ID300
ID187,ID446
ID187,ID463
ID187,ID464
ID188,ID193
ID188,ID195
ID188,ID202
ID188,ID206
ID188,ID219
ID188,ID225
ID188,ID251
ID188,ID324
ID188,ID338
ID188,ID342
ID189,ID190
ID189,ID196
ID189,ID197
ID189,ID211
ID189,ID217
ID189,ID231
ID189,ID255
ID189,ID283
ID189,ID373
ID190,ID193
ID190,ID195
ID190,ID203
ID190,ID207
ID190,ID215
ID190,ID216
ID190,ID222
ID190,ID233
ID190,ID250
ID190,ID251
ID190,ID254
ID190,ID264
ID190,ID321
ID191,ID195
ID191,ID205
ID191,ID211
ID191,ID216
ID191,ID217
ID191,ID277
ID191,ID308
ID191,ID326
ID191,ID335
ID192,ID193
ID192,ID207
ID192,ID209
ID192,ID217
ID192,ID218
ID192,ID252
ID192,ID258
ID192,ID261
ID192,ID301
ID192,ID323
ID192,ID447
ID193,ID197
ID193,ID200
ID193,ID207
ID193,ID216
ID193,ID229
ID193,ID264
ID193,ID287
ID193,ID302
ID193,ID353
ID194,ID200
ID194,ID201
ID194,ID207
ID194,ID220
ID194,ID221
ID194,ID224
ID194,ID227
ID194,ID231
ID194,ID244
ID194,ID417
ID195,ID203
ID195,ID227
ID195,ID228
ID195,ID233
ID195,ID260
ID195,ID311
ID195,ID327
ID195,ID337
ID196,ID203
ID196,ID215
ID196,ID219
ID196,ID222
ID196,ID224
ID196,ID227
ID196,ID229
ID196,ID249
ID196,ID264
ID196,ID269
ID196,ID289
ID196,ID337
ID197,ID198
ID197,ID210
ID197,ID212
ID197,ID218
ID197,ID223
ID197,ID231
ID197,ID314
ID197,ID322
ID197,ID351
ID197,ID363
ID197,ID436
ID198,ID207
ID198,ID211
ID198,ID224
ID198,ID238
ID198,ID245
ID198,ID284
ID198,ID308
ID198,ID326
ID198,ID351
ID198,ID383
ID198,ID414
ID199,ID204
ID199,ID209
ID199,ID214
ID199,ID223
ID199,ID235
ID199,ID237
ID199,ID273
ID199,ID277
ID199,ID351
ID200,ID207
ID200,ID208
ID200,ID212
ID200,ID214
ID200,ID225
ID200,ID229
ID200,ID232
ID200,ID242
ID200,ID274
ID200,ID309
ID200,ID365
ID200,ID435
ID201,ID220
ID201,ID221
ID201,ID223
ID201,ID238
ID201,ID296
ID201,ID342
ID201,ID347
ID201,ID351
ID201,ID381
ID202,ID217
ID202,ID222
ID202,ID226
ID202,ID294
ID202,ID300
ID202,ID327
ID202,ID420
ID202,ID443
ID203,ID229
ID203,ID263
ID203,ID345
ID203,ID370
ID204,ID205
ID204,ID211
ID204,ID213
ID204,ID224
ID204,ID226
ID204,ID232
ID204,ID246
ID204,ID263
ID204,ID292
ID204,ID316
ID204,ID320
ID204,ID414
ID204,ID459
ID205,ID208
ID205,ID209
ID205,ID222
ID205,ID232
ID205,ID233
ID205,ID281
ID205,ID291
ID205,ID316
ID205,ID338
ID205,ID409
ID206,ID208
ID206,ID211
ID206,ID212
ID206,ID217
ID206,ID229
ID206,ID247
ID206,ID392
ID206,ID429
ID207,ID222
ID207,ID225
ID207,ID228
ID207,ID231
ID207,ID240
ID207,ID248
ID207,ID255
ID207,ID299
ID207,ID337
ID207,ID405
ID208,ID215
ID208,ID217
ID208,ID222
ID208,ID226
ID208,ID245
ID208,ID261
ID208,ID312
ID208,ID350
ID209,ID210
ID209,ID212
ID209,ID226
ID209,ID228
ID209,ID229
ID209,ID234
ID209,ID275
ID210,ID252
ID210,ID272
ID210,ID322
ID210,ID333
ID210,ID361
ID210,ID407
ID210,ID415
ID210,ID468
ID211,ID215
ID211,ID216
ID211,ID217
ID211,ID224
ID211,ID226
ID211,ID230
ID211,ID231
ID211,ID296
ID211,ID357
ID211,ID462
ID211,ID466
ID212,ID218
ID212,ID222
ID212,ID223
ID212,ID227
ID212,ID232
ID212,ID235
ID212,ID274
ID212,ID311
ID212,ID336
ID212,ID371
ID212,ID373
ID212,ID463
ID213,ID215
ID213,ID232
ID213,ID243
ID213,ID256
ID213,ID260
ID213,ID270
ID213,ID277
ID213,ID282
ID213,ID291
ID213,ID321
ID213,ID346
ID213,ID352
ID213,ID363
ID213,ID436
ID213,ID439
ID213,ID450
ID214,ID223
ID214,ID227
ID214,ID230
ID214,ID233
ID214,ID234
ID214,ID254
ID214,ID259
ID214,ID273
ID214,ID299
ID214,ID304
ID214,ID310
ID214,ID316
ID214,ID381
ID215,ID217
ID215,ID223
ID215,ID225
ID215,ID226
ID215,ID233
ID215,ID234
ID215,ID268
ID215,ID272
ID215,ID284
ID216,ID225
ID216,ID227
ID216,ID283
ID216,ID386
ID216,ID441
ID217,ID220
ID217,ID235
ID217,ID244
ID217,ID251
ID217,ID257
ID217,ID271
ID217,ID299
ID217,ID302
ID217,ID306
ID217,ID402
ID217,ID455
ID218,ID220
ID218,ID252
ID218,ID289
ID218,ID306
ID218,ID335
ID218,ID404
ID218,ID440
ID219,ID220
ID219,ID229
ID219,ID230
ID219,ID232
ID219,ID264
ID219,ID290
ID219,ID431
ID219,ID466
ID219,ID467
ID220,ID278
ID220,ID313
ID220,ID339
ID220,ID340
ID220,ID341
ID220,ID347
ID221,ID227
ID221,ID232
ID221,ID309
ID221,ID387
ID221,ID437
ID222,ID230
ID222,ID232
ID222,ID261
ID222,ID276
ID222,ID300
ID222,ID336
ID222,ID346
ID222,ID399
ID223,ID224
ID223,ID228
ID223,ID230
ID223,ID231
ID223,ID270
ID223,ID286
ID223,ID320
ID223,ID323
ID223,ID337
ID223,ID349
ID223,ID365
ID223,ID440
ID224,ID227
ID224,ID229
ID224,ID234
ID224,ID243
ID224,ID250
ID224,ID274
ID224,ID287
ID224,ID350
ID225,ID227
ID225,ID228
ID225,ID233
ID225,ID291
ID225,ID309
ID225,ID327
ID225,ID341
ID225,ID395
ID225,ID409
ID225,ID427
ID225,ID465
ID226,ID278
ID226,ID297
ID226,ID300
ID226,ID318
ID226,ID338
ID226,ID431
ID227,ID230
ID227,ID231
ID227,ID295
ID227,ID349
ID228,ID231
ID228,ID232
ID228,ID234
ID228,ID269
ID228,ID278
ID228,ID320
ID228,ID415
ID228,ID439
ID228,ID441
ID228,ID444
ID229,ID269
ID229,ID336
ID229,ID344
ID229,ID385
ID229,ID415
ID229,ID440
ID230,ID232
ID230,ID300
ID230,ID319
ID230,ID373
ID230,ID416
ID231,ID233
ID231,ID404
ID231,ID468
ID232,ID254
ID232,ID336
ID232,ID404
ID233,ID249
ID233,ID386
ID234,ID239
ID234,ID248
ID234,ID294
ID234,ID334
ID234,ID344
ID235,ID304
ID235,ID313
ID235,ID369
ID236,ID240
ID236,ID242
ID236,ID244
ID236,ID245
ID236,ID246
ID236,ID248
ID236,ID254
ID236,ID255
ID236,ID259
ID236,ID263
ID236,ID265
ID236,ID266
ID236,ID268
ID236,ID269
ID236,ID273
ID236,ID275
ID236,ID280
ID236,ID281
ID236,ID283
ID236,ID286
ID236,ID287
ID236,ID298
ID236,ID299
ID236,ID300
ID236,ID302
ID236,ID303
ID236,ID304
ID236,ID307
ID236,ID309
ID236,ID313
ID236,ID316
ID236,ID324
ID236,ID325
ID236,ID331
ID236,ID333
ID236,ID334
ID236,ID340
ID236,ID341
ID236,ID342
ID236,ID346
ID236,ID369
ID236,ID381
ID236,ID445
ID237,ID239
ID237,ID240
ID237,ID241
ID237,ID243
ID237,ID244
ID237,ID245
ID237,ID248
ID237,ID250
ID237,ID254
ID237,ID255
ID237,ID256
ID237,ID261
ID237,ID264
ID237,ID270
ID237,ID271
ID237,ID274
ID237,ID279
ID237,ID286
ID237,ID289
ID237,ID291
ID237,ID293
ID237,ID294
ID237,ID295
ID237,ID296
ID237,ID304
ID237,ID307
ID237,ID316
ID237,ID317
ID237,ID321
ID237,ID324
ID237,ID328
ID237,ID331
ID237,ID333
ID237,ID336
ID237,ID340
ID237,ID343
ID237,ID345
ID237,ID346
ID237,ID352
ID237,ID353
ID237,ID382
ID237,ID398
ID237,ID467
ID238,ID239
ID238,ID240
ID238,ID241
ID238,ID245
ID238,ID250
ID238,ID251
ID238,ID253
ID238,ID254
ID238,ID258
ID238,ID262
ID238,ID265
ID238,ID268
ID238,ID282
ID238,ID291
ID238,ID292
ID238,ID298
ID238,ID306
ID238,ID307
ID238,ID313
ID238,ID314
ID238,ID316
ID238,ID320
ID238,ID321
ID238,ID326
ID238,ID329
ID238,ID333
ID238,ID335
ID238,ID339
ID238,ID343
ID238,ID350
ID238,ID351
ID238,ID352
ID238,ID353
ID238,ID369
ID238,ID370
ID238,ID395
ID238,ID445
ID239,ID243
ID239,ID246
ID239,ID251
ID239,ID254
ID239,ID255
ID239,ID260
ID239,ID261
ID239,ID263
ID239,ID271
ID239,ID275
ID239,ID280
ID239,ID285
ID239,ID287
ID239,ID293
ID239,ID294
ID239,ID304
ID239,ID305
ID239,ID310
ID239,ID314
ID239,ID316
ID239,ID317
ID239,ID318
ID239,ID320
ID239,ID323
ID239,ID326
ID239,ID328
ID239,ID342
ID239,ID344
ID239,ID348
ID239,ID358
ID239,ID397
ID239,ID434
ID239,ID464
ID240,ID246
ID240,ID249
ID240,ID251
ID240,ID256
ID240,ID257
ID240,ID261
ID240,ID262
ID240,ID265
ID240,ID267
ID240,ID270
ID240,ID274
ID240,ID276
ID240,ID277
ID240,ID281
ID240,ID285
ID240,ID291
ID240,ID293
ID240,ID300
ID240,ID301
ID240,ID305
ID240,ID309
ID240,ID310
ID240,ID311
ID240,ID313
ID240,ID316
ID240,ID320
ID240,ID326
ID240,ID332
ID240,ID333
ID240,ID334
ID240,ID341
ID240,ID349
ID240,ID350
ID240,ID362
ID240,ID381
ID240,ID416
ID240,ID420
ID241,ID245
ID241,ID247
ID241,ID249
ID241,ID250
ID241,ID253
ID241,ID255
ID241,ID256
ID241,ID257
ID241,ID272
ID241,ID280
ID241,ID285
ID241,ID286
ID241,ID291
ID241,ID294
ID241,ID296
ID241,ID297
ID241,ID298
ID241,ID299
ID241,ID301
ID241,ID302
ID241,ID310
ID241,ID317
ID241,ID319
ID241,ID321
ID241,ID322
ID241,ID325
ID241,ID326
ID241,ID330
ID241,ID335
ID241,ID336
ID241,ID337
ID241,ID340
ID241,ID343
ID241,ID346
ID241,ID352
ID241,ID353
ID241,ID363
ID241,ID378
ID241,ID397
ID241,ID462
ID242,ID243
ID242,ID247
ID242,ID249
ID242,ID252
ID242,ID260
ID242,ID264
ID242,ID269
ID242,ID270
ID242,ID274
ID242,ID283
ID242,ID286
ID242,ID287
ID242,ID288
ID242,ID290
ID242,ID294
ID242,ID298
ID242,ID299
ID242,ID306
ID242,ID310
ID242,ID312
ID242,ID316
ID242,ID317
ID242,ID319
ID242,ID331
ID242,ID340
ID242,ID342
ID242,ID343
ID242,ID344
ID242,ID347
ID242,ID370
ID242,ID392
ID242,ID394
ID242,ID410
ID242,ID411
ID242,ID443
ID242,ID447
ID242,ID470
ID243,ID244
ID243,ID248
ID243,ID253
ID243,ID254
ID243,ID256
ID243,ID257
ID243,ID258
ID243,ID261
ID243,ID262
ID243,ID265
ID243,ID266
ID243,ID274
ID243,ID281
ID243,ID285
ID243,ID287
ID243,ID288
ID243,ID298
ID243,ID305
ID243,ID309
ID243,ID314
ID243,ID318
ID243,ID319
ID243,ID323
ID243,ID324
ID243,ID326
ID243,ID328
ID243,ID337
ID243,ID346
ID243,ID360
ID243,ID362
ID243,ID373
ID243,ID380
ID243,ID391
ID243,ID420
ID243,ID421
ID243,ID425
ID244,ID249
ID244,ID250
ID244,ID251
ID244,ID255
ID244,ID264
ID244,ID266
ID244,ID267
ID244,ID278
ID244,ID281
ID244,ID282
ID244,ID291
ID244,ID293
ID244,ID316
ID244,ID323
ID244,ID326
ID244,ID327
ID244,ID328
ID244,ID332
ID244,ID336
ID244,ID338
ID244,ID343
ID244,ID347
ID244,ID348
ID244,ID353
ID244,ID368
ID244,ID371
ID244,ID375
ID244,ID386
ID244,ID393
ID244,ID397
ID244,ID420
ID244,ID421
ID244,ID429
ID244,ID438
ID244,ID445
ID244,ID458
ID245,ID250
ID245,ID253
ID245,ID254
ID245,ID257
ID245,ID259
ID245,ID264
ID245,ID268
ID245,ID270
ID245,ID278
ID245,ID287
ID245,ID288
ID245,ID289
ID245,ID293
ID245,ID297
ID245,ID303
ID245,ID304
ID245,ID311
ID245,ID314
ID245,ID315
ID245,ID318
ID245,ID324
ID245,ID325
ID245,ID326
ID245,ID331
ID245,ID334
ID245,ID336
ID245,ID337
ID245,ID338
ID245,ID340
ID245,ID341
ID245,ID346
ID245,ID347
ID245,ID350
ID245,ID358
ID245,ID367
ID245,ID370
ID245,ID373
ID245,ID406
ID245,ID424
ID245,ID439
ID245,ID449
ID246,ID248
ID246,ID250
ID246,ID254
ID246,ID255
ID246,ID256
ID246,ID259
ID246,ID269
ID246,ID273
ID246,ID283
ID246,ID284
ID246,ID285
ID246,ID286
ID246,ID287
ID246,ID288
ID246,ID290
ID246,ID291
ID246,ID297
ID246,ID299
ID246,ID300
ID246,ID302
ID246,ID308
ID246,ID309
ID246,ID315
ID246,ID316
ID246,ID323
ID246,ID331
ID246,ID337
ID246,ID339
ID246,ID349
ID246,ID364
ID246,ID381
ID246,ID395
ID246,ID441
ID246,ID451
ID247,ID252
ID247,ID253
ID247,ID259
ID247,ID265
ID247,ID277
ID247,ID278
ID247,ID282
ID247,ID283
ID247,ID285
ID247,ID286
ID247,ID288
ID247,ID289
ID247,ID290
ID247,ID291
ID247,ID295
ID247,ID297
ID247,ID300
ID247,ID304
ID247,ID305
ID247,ID306
ID247,ID308
ID247,ID309
ID247,ID311
ID247,ID315
ID247,ID317
ID247,ID321
ID247,ID324
ID247,ID327
ID247,ID338
ID247,ID339
ID247,ID343
ID247,ID344
ID247,ID345
ID247,ID348
ID247,ID350
ID247,ID352
ID247,ID375
ID247,ID391
ID247,ID401
ID247,ID426
ID247,ID448
ID247,ID456
ID247,ID469
ID248,ID256
ID248,ID257
ID248,ID259
ID248,ID261
ID248,ID270
ID248,ID277
ID248,ID279
ID248,ID282
ID248,ID287
ID248,ID289
ID248,ID291
ID248,ID294
ID248,ID296
ID248,ID297
ID248,ID311
ID248,ID312
ID248,ID313
ID248,ID314
ID248,ID316
ID248,ID317
ID248,ID330
ID248,ID341
ID248,ID343
ID248,ID348
ID248,ID352
ID248,ID400
ID248,ID448
ID248,ID459
ID248,ID464
ID248,ID470
ID249,ID250
ID249,ID256
ID249,ID257
ID249,ID258
ID249,ID259
ID249,ID260
ID249,ID272
ID249,ID273
ID249,ID277
ID249,ID279
ID249,ID280
ID249,ID283
ID249,ID284
ID249,ID286
ID249,ID290
ID249,ID291
ID249,ID296
ID249,ID299
ID249,ID300
ID249,ID305
ID249,ID313
ID249,ID317
ID249,ID320
ID249,ID322
ID249,ID325
ID249,ID327
ID249,ID338
ID249,ID342
ID249,ID345
ID249,ID368
ID249,ID376
ID249,ID381
ID249,ID394
ID249,ID408
ID249,ID431
ID249,ID432
ID250,ID257
ID250,ID262
ID250,ID265
ID250,ID266
ID250,ID282
ID250,ID289
ID250,ID291
ID250,ID292
ID250,ID293
ID250,ID297
ID250,ID299
ID250,ID311
ID250,ID316
ID250,ID322
ID250,ID328
ID250,ID329
ID250,ID331
ID250,ID333
ID250,ID334
ID250,ID337
ID250,ID338
ID250,ID341
ID250,ID344
ID250,ID350
ID250,ID351
ID250,ID352
ID250,ID355
ID250,ID364
ID250,ID367
ID250,ID368
ID250,ID372
ID250,ID431
ID250,ID444
ID251,ID259
ID251,ID263
ID251,ID265
ID251,ID267
ID251,ID268
ID251,ID269
ID251,ID271
ID251,ID275
ID251,ID282
ID251,ID283
ID251,ID284
ID251,ID292
ID251,ID295
ID251,ID296
ID251,ID301
ID251,ID306
ID251,ID308
ID251,ID309
ID251,ID315
ID251,ID322
ID251,ID324
ID251,ID337
ID251,ID342
ID251,ID343
ID251,ID344
ID251,ID353
ID251,ID362
ID251,ID392
ID251,ID397
ID252,ID254
ID252,ID256
ID252,ID260
ID252,ID262
ID252,ID263
ID252,ID266
ID252,ID268
ID252,ID276
ID252,ID277
ID252,ID282
ID252,ID284
ID252,ID285
ID252,ID286
ID252,ID289
ID252,ID292
ID252,ID296
ID252,ID299
ID252,ID302
ID252,ID304
ID252,ID305
ID252,ID317
ID252,ID323
ID252,ID326
ID252,ID327
ID252,ID334
ID252,ID335
ID252,ID345
ID252,ID346
ID252,ID420
ID252,ID424
ID252,ID429
ID252,ID430
ID252,ID444
ID253,ID256
ID253,ID259
ID253,ID260
ID253,ID264
ID253,ID265
ID253,ID272
ID253,ID276
ID253,ID278
ID253,ID280
ID253,ID285
ID253,ID286
ID253,ID288
ID253,ID293
ID253,ID294
ID253,ID295
ID253,ID297
ID253,ID300
ID253,ID301
ID253,ID302
ID253,ID306
ID253,ID312
ID253,ID319
ID253,ID322
ID253,ID325
ID253,ID328
ID253,ID329
ID253,ID330
ID253,ID331
ID253,ID334
ID253,ID338
ID253,ID340
ID253,ID344
ID253,ID351
ID253,ID417
ID253,ID419
ID253,ID442
ID253,ID445
ID254,ID259
ID254,ID261
ID254,ID262
ID254,ID264
ID254,ID266
ID254,ID269
ID254,ID270
ID254,ID274
ID254,ID285
ID254,ID290
ID254,ID296
ID254,ID297
ID254,ID305
ID254,ID311
ID254,ID314
ID254,ID317
ID254,ID318
ID254,ID320
ID254,ID324
ID254,ID330
ID254,ID334
ID254,ID337
ID254,ID342
ID254,ID345
ID254,ID347
ID254,ID348
ID254,ID352
ID254,ID371
ID254,ID373
ID254,ID391
ID254,ID396
ID254,ID406
ID254,ID440
ID254,ID454
ID254,ID462
ID254,ID465
ID255,ID257
ID255,ID261
ID255,ID270
ID255,ID273
ID255,ID275
ID255,ID283
ID255,ID287
ID255,ID288
ID255,ID291
ID255,ID292
ID255,ID294
ID255,ID298
ID255,ID301
ID255,ID304
ID255,ID305
ID255,ID306
ID255,ID307
ID255,ID318
ID255,ID322
ID255,ID325
ID255,ID328
ID255,ID329
ID255,ID332
ID255,ID336
ID255,ID337
ID255,ID338
ID255,ID340
ID255,ID345
ID255,ID350
ID255,ID351
ID255,ID352
ID255,ID381
ID255,ID430
ID256,ID259
ID256,ID262
ID256,ID269
ID256,ID273
ID256,ID275
ID256,ID278
ID256,ID280
ID256,ID282
ID256,ID285
ID256,ID287
ID256,ID290
ID256,ID291
ID256,ID293
ID256,ID299
ID256,ID304
ID256,ID305
ID256,ID307
ID256,ID308
ID256,ID309
ID256,ID310
ID256,ID311
ID256,ID312
ID256,ID322
ID256,ID325
ID256,ID326
ID256,ID338
ID256,ID348
ID256,ID352
ID256,ID353
ID256,ID360
ID256,ID368
ID256,ID374
ID256,ID377
ID256,ID437
ID256,ID445
ID256,ID462
ID257,ID258
ID257,ID261
ID257,ID263
ID257,ID264
ID257,ID271
ID257,ID274
ID257,ID276
ID257,ID277
ID257,ID279
ID257,ID280
ID257,ID281
ID257,ID285
ID257,ID290
ID257,ID291
ID257,ID299
ID257,ID300
ID257,ID304
ID257,ID307
ID257,ID313
ID257,ID316
ID257,ID317
ID257,ID320
ID257,ID322
ID257,ID323
ID257,ID324
ID257,ID327
ID257,ID331
ID257,ID334
ID257,ID336
ID257,ID344
ID257,ID347
ID257,ID351
ID257,ID353
ID257,ID365
ID257,ID391
ID257,ID419
ID257,ID435
ID257,ID469
ID258,ID262
ID258,ID265
ID258,ID266
ID258,ID267
ID258,ID272
ID258,ID273
ID258,ID276
ID258,ID279
ID258,ID280
ID258,ID283
ID258,ID284
ID258,ID287
ID258,ID289
ID258,ID290
ID258,ID291
ID258,ID294
ID258,ID297
ID258,ID302
ID258,ID305
ID258,ID308
ID258,ID310
ID258,ID311
ID258,ID314
ID258,ID321
ID258,ID324
ID258,ID330
ID258,ID334
ID258,ID335
ID258,ID337
ID258,ID338
ID258,ID343
ID258,ID346
ID258,ID347
ID258,ID349
ID258,ID351
ID258,ID352
ID258,ID395
ID258,ID408
ID258,ID417
ID258,ID452
ID258,ID466
ID259,ID262
ID259,ID265
ID259,ID266
ID259,ID267
ID259,ID274
ID259,ID276
ID259,ID278
ID259,ID281
ID259,ID282
ID259,ID284
ID259,ID286
ID259,ID287
ID259,ID288
ID259,ID293
ID259,ID294
ID259,ID295
ID259,ID298
ID259,ID303
ID259,ID310
ID259,ID311
ID259,ID318
ID259,ID322
ID259,ID325
ID259,ID327
ID259,ID333
ID259,ID335
ID259,ID340
ID259,ID346
ID259,ID347
ID259,ID355
ID259,ID375
ID259,ID385
ID259,ID403
ID259,ID433
ID259,ID465
ID260,ID263
ID260,ID265
ID260,ID274
ID260,ID275
ID260,ID276
ID260,ID277
ID260,ID278
ID260,ID282
ID260,ID283
ID260,ID290
ID260,ID292
ID260,ID293
ID260,ID295
ID260,ID297
ID260,ID298
ID260,ID303
ID260,ID309
ID260,ID311
ID260,ID315
ID260,ID324
ID260,ID326
ID260,ID329
ID260,ID335
ID260,ID338
ID260,ID339
ID260,ID342
ID260,ID344
ID260,ID345
ID260,ID347
ID260,ID348
ID260,ID353
ID260,ID386
ID260,ID397
ID260,ID420
ID260,ID447
ID261,ID264
ID261,ID266
ID261,ID268
ID261,ID270
ID261,ID271
ID261,ID272
ID261,ID278
ID261,ID282
ID261,ID283
ID261,ID285
ID261,ID286
ID261,ID287
ID261,ID289
ID261,ID290
ID261,ID291
ID261,ID292
ID261,ID296
ID261,ID297
ID261,ID301
ID261,ID302
ID261,ID303
ID261,ID308
ID261,ID310
ID261,ID312
ID261,ID314
ID261,ID317
ID261,ID318
ID261,ID321
ID261,ID332
ID261,ID334
ID261,ID335
ID261,ID336
ID261,ID339
ID261,ID340
ID261,ID345
ID261,ID346
ID261,ID348
ID261,ID366
ID261,ID368
ID261,ID377
ID261,ID386
ID261,ID403
ID261,ID420
ID261,ID446
ID261,ID447
ID261,ID451
ID261,ID453
ID261,ID466
ID261,ID469
ID262,ID263
ID262,ID267
ID262,ID271
ID262,ID272
ID262,ID275
ID262,ID276
ID262,ID280
ID262,ID281
ID262,ID282
ID262,ID283
ID262,ID289
ID262,ID292
ID262,ID293
ID262,ID295
ID262,ID297
ID262,ID301
ID262,ID307
ID262,ID308
ID262,ID310
ID262,ID312
ID262,ID314
ID262,ID322
ID262,ID325
ID262,ID326
ID262,ID329
ID262,ID330
ID262,ID335
ID262,ID340
ID262,ID341
ID262,ID346
ID262,ID347
ID262,ID352
ID262,ID357
ID262,ID394
ID262,ID402
ID262,ID404
ID262,ID415
ID262,ID431
ID263,ID264
ID263,ID269
ID263,ID281
ID263,ID284
ID263,ID288
ID263,ID289
ID263,ID290
ID263,ID292
ID263,ID296
ID263,ID297
ID263,ID298
ID263,ID300
ID263,ID307
ID263,ID310
ID263,ID313
ID263,ID318
ID263,ID319
ID263,ID320
ID263,ID323
ID263,ID324
ID263,ID326
ID263,ID330
ID263,ID331
ID263,ID343
ID263,ID345
ID263,ID351
ID263,ID353
ID263,ID371
ID263,ID381
ID263,ID382
ID263,ID385
ID263,ID386
ID263,ID390
ID263,ID418
ID263,ID429
ID263,ID447
ID263,ID449
ID263,ID452
ID263,ID457
ID263,ID460
ID263,ID465
ID263,ID468
ID264,ID267
ID264,ID271
ID264,ID272
ID264,ID273
ID264,ID278
ID264,ID282
ID264,ID284
ID264,ID289
ID264,ID295
ID264,ID298
ID264,ID299
ID264,ID304
ID264,ID307
ID264,ID312
ID264,ID313
ID264,ID320
ID264,ID321
ID264,ID322
ID264,ID323
ID264,ID324
ID264,ID325
ID264,ID326
ID264,ID327
ID264,ID336
ID264,ID339
ID264,ID340
ID264,ID350
ID264,ID351
ID264,ID352
ID264,ID403
ID264,ID411
ID264,ID420
ID264,ID441
ID264,ID454
ID265,ID266
ID265,ID269
ID265,ID271
ID265,ID274
ID265,ID275
ID265,ID280
ID265,ID284
ID265,ID288
ID265,ID292
ID265,ID293
ID265,ID312
ID265,ID313
ID265,ID314
ID265,ID315
ID265,ID319
ID265,ID321
ID265,ID322
ID265,ID331
ID265,ID333
ID265,ID336
ID265,ID337
ID265,ID338
ID265,ID340
ID265,ID341
ID265,ID343
ID265,ID346
ID265,ID348
ID265,ID351
ID265,ID389
ID265,ID455
ID265,ID470
ID266,ID268
ID266,ID277
ID266,ID278
ID266,ID282
ID266,ID284
ID266,ID290
ID266,ID293
ID266,ID301
ID266,ID303
ID266,ID306
ID266,ID307
ID266,ID309
ID266,ID312
ID266,ID318
ID266,ID326
ID266,ID329
ID266,ID330
ID266,ID332
ID266,ID336
ID266,ID339
ID266,ID342
ID266,ID343
ID266,ID345
ID266,ID349
ID266,ID351
ID266,ID435
ID266,ID442
ID267,ID270
ID267,ID272
ID267,ID274
ID267,ID276
ID267,ID280
ID267,ID281
ID267,ID282
ID267,ID287
ID267,ID288
ID267,ID292
ID267,ID294
ID267,ID298
ID267,ID308
ID267,ID309
ID267,ID311
ID267,ID312
ID267,ID318
ID267,ID320
ID267,ID324
ID267,ID325
ID267,ID326
ID267,ID336
ID267,ID339
ID267,ID346
ID267,ID357
ID267,ID404
ID267,ID405
ID267,ID436
ID267,ID451
ID268,ID272
ID268,ID275
ID268,ID279
ID268,ID281
ID268,ID284
ID268,ID292
ID268,ID301
ID268,ID308
ID268,ID310
ID268,ID326
ID268,ID327
ID268,ID328
ID268,ID330
ID268,ID338
ID268,ID339
ID268,ID344
ID268,ID345
ID268,ID350
ID268,ID351
ID268,ID384
ID268,ID444
ID268,ID456
ID268,ID459
ID268,ID463
ID269,ID272
ID269,ID277
ID269,ID278
ID269,ID280
ID269,ID281
ID269,ID286
ID269,ID288
ID269,ID292
ID269,ID295
ID269,ID299
ID269,ID305
ID269,ID307
ID269,ID308
ID269,ID309
ID269,ID311
ID269,ID312
ID269,ID315
ID269,ID320
ID269,ID322
ID269,ID329
ID269,ID337
ID269,ID338
ID269,ID341
ID269,ID342
ID269,ID345
ID269,ID347
ID269,ID351
ID269,ID364
ID269,ID370
ID269,ID375
ID269,ID393
ID269,ID399
ID269,ID430
ID269,ID438
ID269,ID444
ID269,ID462
ID269,ID466
ID270,ID272
ID270,ID276
ID270,ID283
ID270,ID287
ID270,ID294
ID270,ID298
ID270,ID304
ID270,ID305
ID270,ID309
ID270,ID310
ID270,ID316
ID270,ID318
ID270,ID320
ID270,ID323
ID270,ID330
ID270,ID331
ID270,ID334
ID270,ID341
ID270,ID348
ID270,ID349
ID270,ID351
ID270,ID352
ID270,ID353
ID270,ID356
ID270,ID375
ID270,ID378
ID270,ID384
ID270,ID395
ID270,ID438
ID270,ID447
ID270,ID461
ID271,ID273
ID271,ID284
ID271,ID289
ID271,ID290
ID271,ID292
ID271,ID294
ID271,ID295
ID271,ID298
ID271,ID307
ID271,ID312
ID271,ID314
ID271,ID315
ID271,ID316
ID271,ID319
ID271,ID320
ID271,ID323
ID271,ID325
ID271,ID331
ID271,ID332
ID271,ID341
ID271,ID342
ID271,ID343
ID271,ID344
ID271,ID346
ID271,ID348
ID271,ID350
ID271,ID368
ID271,ID394
ID271,ID456
ID271,ID458
ID272,ID273
ID272,ID275
ID272,ID289
ID272,ID291
ID272,ID293
ID272,ID301
ID272,ID307
ID272,ID309
ID272,ID312
ID272,ID313
ID272,ID316
ID272,ID321
ID272,ID322
ID272,ID325
ID272,ID326
ID272,ID328
ID272,ID332
ID272,ID335
ID272,ID339
ID272,ID342
ID272,ID344
ID272,ID345
ID272,ID349
ID272,ID353
ID272,ID371
ID272,ID394
ID272,ID396
ID272,ID410
ID272,ID417
ID272,ID455
ID273,ID279
ID273,ID281
ID273,ID282
ID273,ID288
ID273,ID293
ID273,ID297
ID273,ID300
ID273,ID312
ID273,ID313
ID273,ID319
ID273,ID320
ID273,ID323
ID273,ID331
ID273,ID332
ID273,ID334
ID273,ID336
ID273,ID340
ID273,ID342
ID273,ID350
ID273,ID356
ID273,ID357
ID273,ID369
ID273,ID373
ID273,ID400
ID274,ID275
ID274,ID280
ID274,ID281
ID274,ID282
ID274,ID284
ID274,ID285
ID274,ID292
ID274,ID296
ID274,ID297
ID274,ID300
ID274,ID302
ID274,ID307
ID274,ID312
ID274,ID324
ID274,ID325
ID274,ID326
ID274,ID327
ID274,ID336
ID274,ID342
ID274,ID344
ID274,ID350
ID274,ID351
ID274,ID352
ID275,ID276
ID275,ID280
ID275,ID285
ID275,ID286
ID275,ID287
ID275,ID292
ID275,ID293
ID275,ID294
ID275,ID296
ID275,ID300
ID275,ID306
ID275,ID308
ID275,ID310
ID275,ID316
ID275,ID320
ID275,ID323
ID275,ID324
ID275,ID328
ID275,ID331
ID275,ID332
ID275,ID333
ID275,ID344
ID275,ID347
ID275,ID348
ID275,ID352
ID275,ID407
ID275,ID410
ID275,ID460
ID276,ID280
ID276,ID292
ID276,ID296
ID276,ID301
ID276,ID305
ID276,ID308
ID276,ID310
ID276,ID313
ID276,ID314
ID276,ID319
ID276,ID322
ID276,ID323
ID276,ID326
ID276,ID331
ID276,ID339
ID276,ID340
ID276,ID341
ID276,ID347
ID276,ID351
ID276,ID393
ID276,ID400
ID277,ID285
ID277,ID286
ID277,ID287
ID277,ID288
ID277,ID289
ID277,ID292
ID277,ID296
ID277,ID298
ID277,ID303
ID277,ID309
ID277,ID313
ID277,ID316
ID277,ID335
ID277,ID338
ID277,ID344
ID277,ID349
ID277,ID358
ID277,ID367
ID277,ID397
ID277,ID422
ID277,ID435
ID277,ID451
ID277,ID452
ID277,ID470
ID278,ID281
ID278,ID289
ID278,ID290
ID278,ID291
ID278,ID292
ID278,ID313
ID278,ID314
ID278,ID317
ID278,ID323
ID278,ID326
ID278,ID327
ID278,ID329
ID278,ID333
ID278,ID347
ID278,ID351
ID278,ID360
ID278,ID386
ID278,ID390
ID278,ID421
ID278,ID460
ID279,ID284
ID279,ID288
ID279,ID289
ID279,ID290
ID279,ID300
ID279,ID302
ID279,ID306
ID279,ID309
ID279,ID313
ID279,ID318
ID279,ID319
ID279,ID327
ID279,ID332
ID279,ID341
ID279,ID342
ID279,ID344
ID279,ID348
ID279,ID350
ID279,ID351
ID279,ID365
ID279,ID370
ID279,ID399
ID279,ID415
ID279,ID441
ID280,ID283
ID280,ID284
ID280,ID285
ID280,ID288
ID280,ID291
ID280,ID295
ID280,ID296
ID280,ID298
ID280,ID304
ID280,ID309
ID280,ID310
ID280,ID312
ID280,ID313
ID280,ID314
ID280,ID317
ID280,ID318
ID280,ID319
ID280,ID322
ID280,ID323
ID280,ID327
ID280,ID330
ID280,ID331
ID280,ID334
ID280,ID343
ID280,ID353
ID280,ID364
ID280,ID374
ID280,ID377
ID280,ID415
ID280,ID439
ID280,ID442
ID280,ID444
ID281,ID285
ID281,ID286
ID281,ID289
ID281,ID293
ID281,ID294
ID281,ID296
ID281,ID297
ID281,ID301
ID281,ID303
ID281,ID304
ID281,ID309
ID281,ID310
ID281,ID312
ID281,ID314
ID281,ID319
ID281,ID323
ID281,ID330
ID281,ID331
ID281,ID333
ID281,ID337
ID281,ID338
ID281,ID345
ID281,ID347
ID281,ID353
ID281,ID354
ID281,ID387
ID281,ID397
ID281,ID401
ID281,ID446
ID281,ID463
ID282,ID283
ID282,ID284
ID282,ID287
ID282,ID290
ID282,ID291
ID282,ID296
ID282,ID297
ID282,ID306
ID282,ID307
ID282,ID315
ID282,ID322
ID282,ID324
ID282,ID332
ID282,ID346
ID282,ID349
ID282,ID351
ID282,ID375
ID282,ID387
ID282,ID398
ID282,ID408
ID283,ID284
ID283,ID292
ID283,ID296
ID283,ID300
ID283,ID308
ID283,ID309
ID283,ID310
ID283,ID317
ID283,ID318
ID283,ID320
ID283,ID321
ID283,ID325
ID283,ID326
ID283,ID329
ID283,ID342
ID283,ID345
ID283,ID348
ID283,ID350
ID283,ID351
ID283,ID352
ID283,ID362
ID283,ID372
ID283,ID383
ID283,ID403
ID283,ID420
ID283,ID435
ID284,ID286
ID284,ID289
ID284,ID296
ID284,ID305
ID284,ID306
ID284,ID309
ID284,ID310
ID284,ID311
ID284,ID313
ID284,ID318
ID284,ID320
ID284,ID329
ID284,ID331
ID284,ID335
ID284,ID337
ID284,ID339
ID284,ID350
ID284,ID360
ID284,ID382
ID284,ID394
ID284,ID448
ID284,ID466
ID285,ID288
ID285,ID293
ID285,ID299
ID285,ID309
ID285,ID313
ID285,ID315
ID285,ID317
ID285,ID318
ID285,ID321
ID285,ID322
ID285,ID325
ID285,ID330
ID285,ID332
ID285,ID335
ID285,ID339
ID285,ID341
ID285,ID343
ID285,ID344
ID285,ID351
ID285,ID352
ID285,ID379
ID285,ID420
ID285,ID429
ID285,ID469
ID286,ID288
ID286,ID291
ID286,ID293
ID286,ID295
ID286,ID297
ID286,ID300
ID286,ID307
ID286,ID308
ID286,ID310
ID286,ID314
ID286,ID315
ID286,ID320
ID286,ID333
ID286,ID339
ID286,ID347
ID286,ID348
ID286,ID350
ID286,ID352
ID286,ID353
ID286,ID371
ID286,ID401
ID286,ID407
ID286,ID409
ID286,ID422
ID286,ID426
ID286,ID469
ID286,ID471
ID287,ID295
ID287,ID304
ID287,ID305
ID287,ID312
ID287,ID313
ID287,ID316
ID287,ID317
ID287,ID318
ID287,ID319
ID287,ID320
ID287,ID332
ID287,ID335
ID287,ID337
ID287,ID338
ID287,ID350
ID287,ID385
ID287,ID447
ID288,ID291
ID288,ID298
ID288,ID301
ID288,ID305
ID288,ID309
ID288,ID311
ID288,ID312
ID288,ID313
ID288,ID314
ID288,ID320
ID288,ID324
ID288,ID329
ID288,ID331
ID288,ID332
ID288,ID333
ID288,ID337
ID288,ID338
ID288,ID342
ID288,ID343
ID288,ID344
ID288,ID347
ID288,ID351
ID288,ID353
ID288,ID375
ID288,ID384
ID288,ID431
ID288,ID470
ID289,ID290
ID289,ID296
ID289,ID297
ID289,ID300
ID289,ID303
ID289,ID309
ID289,ID316
ID289,ID322
ID289,ID328
ID289,ID340
ID289,ID344
ID289,ID349
ID289,ID352
ID289,ID360
ID289,ID376
ID289,ID382
ID289,ID427
ID289,ID447
ID289,ID458
ID289,ID468
ID290,ID293
ID290,ID295
ID290,ID298
ID290,ID299
ID290,ID300
ID290,ID301
ID290,ID311
ID290,ID315
ID290,ID316
ID290,ID329
ID290,ID332
ID290,ID348
ID290,ID353
ID290,ID354
ID290,ID357
ID290,ID395
ID290,ID434
ID290,ID435
ID291,ID293
ID291,ID298
ID291,ID299
ID291,ID300
ID291,ID302
ID291,ID304
ID291,ID307
ID291,ID311
ID291,ID318
ID291,ID326
ID291,ID331
ID291,ID332
ID291,ID336
ID291,ID341
ID291,ID348
ID291,ID356
ID291,ID357
ID291,ID370
ID291,ID376
ID291,ID381
ID291,ID382
ID291,ID391
ID291,ID399
ID291,ID401
ID291,ID420
ID291,ID426
ID292,ID303
ID292,ID308
ID292,ID318
ID292,ID320
ID292,ID325
ID292,ID331
ID292,ID345
ID292,ID346
ID292,ID348
ID292,ID351
ID292,ID358
ID292,ID396
ID292,ID412
ID292,ID415
ID293,ID295
ID293,ID301
ID293,ID306
ID293,ID309
ID293,ID312
ID293,ID314
ID293,ID315
ID293,ID317
ID293,ID320
ID293,ID322
ID293,ID326
ID293,ID328
ID293,ID329
ID293,ID330
ID293,ID331
ID293,ID342
ID293,ID345
ID293,ID346
ID293,ID348
ID293,ID350
ID293,ID372
ID293,ID381
ID293,ID387
ID293,ID392
ID293,ID404
ID293,ID415
ID293,ID427
ID293,ID439
ID293,ID449
ID293,ID451
ID293,ID464
ID294,ID299
ID294,ID301
ID294,ID303
ID294,ID304
ID294,ID306
ID294,ID307
ID294,ID309
ID294,ID310
ID294,ID311
ID294,ID313
ID294,ID314
ID294,ID315
ID294,ID316
ID294,ID317
ID294,ID323
ID294,ID326
ID294,ID331
ID294,ID335
ID294,ID336
ID294,ID337
ID294,ID340
ID294,ID345
ID294,ID351
ID294,ID375
ID294,ID383
ID294,ID393
ID294,ID425
ID294,ID464
ID295,ID297
ID295,ID298
ID295,ID300
ID295,ID301
ID295,ID302
ID295,ID305
ID295,ID308
ID295,ID313
ID295,ID314
ID295,ID315
ID295,ID316
ID295,ID322
ID295,ID324
ID295,ID327
ID295,ID332
ID295,ID333
ID295,ID335
ID295,ID337
ID295,ID339
ID295,ID362
ID295,ID387
ID295,ID396
ID295,ID434
ID295,ID437
ID295,ID453
ID295,ID454
ID296,ID300
ID296,ID301
ID296,ID302
ID296,ID304
ID296,ID309
ID296,ID311
ID296,ID317
ID296,ID319
ID296,ID322
ID296,ID323
ID296,ID330
ID296,ID335
ID296,ID340
ID296,ID343
ID296,ID345
ID296,ID346
ID296,ID348
ID296,ID350
ID296,ID408
ID296,ID412
ID296,ID440
ID296,ID442
ID296,ID452
ID296,ID471
ID297,ID308
ID297,ID311
ID297,ID317
ID297,ID322
ID297,ID329
ID297,ID334
ID297,ID341
ID297,ID344
ID297,ID345
ID297,ID348
ID297,ID352
ID297,ID406
ID297,ID409
ID297,ID419
ID297,ID428
ID297,ID441
ID297,ID453
ID298,ID305
ID298,ID307
ID298,ID313
ID298,ID317
ID298,ID318
ID298,ID319
ID298,ID321
ID298,ID327
ID298,ID333
ID298,ID334
ID298,ID340
ID298,ID347
ID298,ID367
ID298,ID395
ID298,ID410
ID298,ID419
ID298,ID432
ID299,ID302
ID299,ID305
ID299,ID307
ID299,ID311
ID299,ID314
ID299,ID316
ID299,ID317
ID299,ID323
ID299,ID326
ID299,ID330
ID299,ID335
ID299,ID336
ID299,ID337
ID299,ID338
ID299,ID340
ID299,ID343
ID299,ID345
ID299,ID348
ID299,ID349
ID299,ID353
ID299,ID357
ID299,ID364
ID299,ID367
ID299,ID372
ID299,ID404
ID299,ID407
ID299,ID423
ID299,ID444
ID299,ID459
ID300,ID307
ID300,ID309
ID300,ID313
ID300,ID320
ID300,ID324
ID300,ID325
ID300,ID326
ID300,ID327
ID300,ID328
ID300,ID330
ID300,ID333
ID300,ID338
ID300,ID340
ID300,ID344
ID300,ID345
ID300,ID367
ID300,ID408
ID300,ID429
ID301,ID302
ID301,ID306
ID301,ID307
ID301,ID309
ID301,ID313
ID301,ID319
ID301,ID322
ID301,ID330
ID301,ID331
ID301,ID340
ID301,ID341
ID301,ID342
ID301,ID345
ID301,ID346
ID301,ID347
ID301,ID350
ID301,ID351
ID301,ID353
ID301,ID403
ID301,ID406
ID301,ID440
ID301,ID441
ID301,ID452
ID301,ID461
ID301,ID464
ID302,ID304
ID302,ID310
ID302,ID311
ID302,ID314
ID302,ID317
ID302,ID318
ID302,ID320
ID302,ID328
ID302,ID329
ID302,ID332
ID302,ID334
ID302,ID336
ID302,ID339
ID302,ID348
ID302,ID350
ID302,ID365
ID302,ID393
ID302,ID431
ID302,ID432
ID302,ID443
ID302,ID449
ID303,ID305
ID303,ID309
ID303,ID314
ID303,ID321
ID303,ID330
ID303,ID334
ID303,ID336
ID303,ID339
ID303,ID341
ID303,ID347
ID303,ID350
ID303,ID351
ID303,ID362
ID303,ID370
ID303,ID408
ID303,ID410
ID303,ID431
ID303,ID432
ID304,ID307
ID304,ID309
ID304,ID316
ID304,ID321
ID304,ID322
ID304,ID325
ID304,ID326
ID304,ID327
ID304,ID335
ID304,ID337
ID304,ID340
ID304,ID344
ID304,ID351
ID304,ID352
ID304,ID372
ID304,ID404
ID304,ID414
ID304,ID415
ID304,ID439
ID304,ID444
ID304,ID446
ID304,ID450
ID304,ID455
ID305,ID308
ID305,ID310
ID305,ID311
ID305,ID312
ID305,ID317
ID305,ID318
ID305,ID320
ID305,ID321
ID305,ID324
ID305,ID326
ID305,ID336
ID305,ID339
ID305,ID341
ID305,ID347
ID305,ID350
ID305,ID352
ID305,ID368
ID305,ID401
ID305,ID417
ID306,ID311
ID306,ID313
ID306,ID314
ID306,ID323
ID306,ID324
ID306,ID326
ID306,ID327
ID306,ID333
ID306,ID336
ID306,ID341
ID306,ID344
ID306,ID348
ID306,ID350
ID306,ID353
ID306,ID372
ID306,ID419
ID306,ID429
ID306,ID468
ID307,ID313
ID307,ID315
ID307,ID320
ID307,ID321
ID307,ID324
ID307,ID325
ID307,ID326
ID307,ID328
ID307,ID332
ID307,ID334
ID307,ID335
ID307,ID336
ID307,ID337
ID307,ID339
ID307,ID340
ID307,ID341
ID307,ID343
ID307,ID350
ID307,ID353
ID307,ID371
ID307,ID392
ID307,ID398
ID307,ID425
ID307,ID444
ID307,ID459
ID307,ID463
ID307,ID469
ID308,ID311
ID308,ID314
ID308,ID317
ID308,ID324
ID308,ID326
ID308,ID327
ID308,ID329
ID308,ID331
ID308,ID335
ID308,ID336
ID308,ID338
ID308,ID342
ID308,ID345
ID308,ID349
ID308,ID350
ID308,ID353
ID308,ID354
ID308,ID360
ID308,ID362
ID308,ID368
ID308,ID381
ID308,ID423
ID308,ID453
ID309,ID312
ID309,ID320
ID309,ID322
ID309,ID325
ID309,ID328
ID309,ID329
ID309,ID332
ID309,ID333
ID309,ID334
ID309,ID342
ID309,ID343
ID309,ID351
ID309,ID352
ID309,ID373
ID309,ID375
ID309,ID439
ID309,ID447
ID309,ID448
ID309,ID462
ID309,ID464
ID309,ID466
ID309,ID468
ID310,ID312
ID310,ID313
ID310,ID317
ID310,ID318
ID310,ID319
ID310,ID322
ID310,ID323
ID310,ID325
ID310,ID331
ID310,ID332
ID310,ID333
ID310,ID337
ID310,ID338
ID310,ID340
ID310,ID347
ID310,ID352
ID310,ID358
ID310,ID359
ID310,ID365
ID310,ID381
ID310,ID396
ID310,ID415
ID310,ID431
ID310,ID453
ID310,ID461
ID310,ID465
ID311,ID316
ID311,ID317
ID311,ID318
ID311,ID330
ID311,ID332
ID311,ID336
ID311,ID337
ID311,ID341
ID311,ID342
ID311,ID343
ID311,ID346
ID311,ID365
ID311,ID427
ID311,ID431
ID311,ID442
ID311,ID447
ID311,ID452
ID311,ID470
ID312,ID314
ID312,ID316
ID312,ID318
ID312,ID325
ID312,ID326
ID312,ID332
ID312,ID334
ID312,ID340
ID312,ID343
ID312,ID345
ID312,ID353
ID312,ID358
ID312,ID367
ID312,ID371
ID312,ID401
ID312,ID404
ID312,ID419
ID312,ID421
ID312,ID452
ID312,ID457
ID313,ID314
ID313,ID316
ID313,ID318
ID313,ID319
ID313,ID323
ID313,ID327
ID313,ID328
ID313,ID336
ID313,ID338
ID313,ID345
ID313,ID353
ID313,ID372
ID313,ID383
ID313,ID404
ID313,ID413
ID314,ID315
ID314,ID316
ID314,ID333
ID314,ID335
ID314,ID337
ID314,ID341
ID314,ID343
ID314,ID344
ID314,ID346
ID314,ID347
ID314,ID380
ID314,ID403
ID314,ID407
ID314,ID463
ID315,ID319
ID315,ID321
ID315,ID330
ID315,ID331
ID315,ID336
ID315,ID344
ID315,ID347
ID315,ID350
ID315,ID351
ID315,ID359
ID315,ID427
ID315,ID431
ID316,ID319
ID316,ID320
ID316,ID324
ID316,ID328
ID316,ID332
ID316,ID333
ID316,ID336
ID316,ID339
ID316,ID340
ID316,ID343
ID316,ID344
ID316,ID345
ID316,ID347
ID316,ID350
ID316,ID395
ID316,ID424
ID317,ID318
ID317,ID321
ID317,ID322
ID317,ID323
ID317,ID331
ID317,ID333
ID317,ID340
ID317,ID345
ID317,ID346
ID317,ID349
ID317,ID350
ID317,ID352
ID317,ID359
ID317,ID368
ID317,ID396
ID317,ID438
ID318,ID319
ID318,ID321
ID318,ID335
ID318,ID336
ID318,ID337
ID318,ID338
ID318,ID342
ID318,ID343
ID318,ID345
ID318,ID350
ID318,ID351
ID318,ID402
ID318,ID411
ID318,ID414
ID318,ID428
ID318,ID447
ID318,ID455
ID319,ID323
ID319,ID324
ID319,ID326
ID319,ID327
ID319,ID332
ID319,ID334
ID319,ID339
ID319,ID341
ID319,ID344
ID319,ID348
ID319,ID350
ID319,ID352
ID319,ID354
ID319,ID401
ID319,ID414
ID319,ID429
ID319,ID461
ID319,ID467
ID319,ID468
ID320,ID322
ID320,ID323
ID320,ID325
ID320,ID326
ID320,ID330
ID320,ID334
ID320,ID341
ID320,ID343
ID320,ID345
ID320,ID353
ID320,ID362
ID320,ID374
ID320,ID385
ID320,ID392
ID320,ID403
ID320,ID423
ID320,ID457
ID321,ID322
ID321,ID329
ID321,ID334
ID321,ID342
ID321,ID343
ID321,ID346
ID321,ID350
ID321,ID353
ID321,ID381
ID321,ID392
ID321,ID398
ID321,ID419
ID321,ID468
ID322,ID327
ID322,ID329
ID322,ID333
ID322,ID337
ID322,ID341
ID322,ID343
ID322,ID414
ID322,ID415
ID322,ID416
ID322,ID428
ID322,ID439
ID322,ID464
ID323,ID326
ID323,ID332
ID323,ID335
ID323,ID339
ID323,ID340
ID323,ID344
ID323,ID345
ID323,ID347
ID323,ID348
ID323,ID349
ID323,ID364
ID323,ID370
ID323,ID425
ID323,ID443
ID323,ID458
ID324,ID325
ID324,ID332
ID324,ID333
ID324,ID336
ID324,ID337
ID324,ID339
ID324,ID343
ID324,ID345
ID324,ID346
ID324,ID350
ID324,ID355
ID324,ID366
ID324,ID437
ID324,ID445
ID324,ID458
ID325,ID326
ID325,ID329
ID325,ID333
ID325,ID334
ID325,ID335
ID325,ID337
ID325,ID342
ID325,ID345
ID325,ID346
ID325,ID347
ID325,ID349
ID325,ID371
ID325,ID386
ID325,ID395
ID325,ID437
ID325,ID449
ID325,ID468
ID326,ID327
ID326,ID330
ID326,ID331
ID326,ID333
ID326,ID335
ID326,ID343
ID326,ID350
ID326,ID351
ID326,ID352
ID326,ID377
ID326,ID388
ID326,ID401
ID326,ID410
ID326,ID414
ID326,ID446
ID326,ID460
ID326,ID463
ID326,ID469
ID327,ID331
ID327,ID337
ID327,ID340
ID327,ID344
ID327,ID345
ID327,ID363
ID327,ID391
ID327,ID399
ID327,ID400
ID327,ID405
ID327,ID419
ID327,ID456
ID328,ID329
ID328,ID330
ID328,ID333
ID328,ID336
ID328,ID337
ID328,ID339
ID328,ID342
ID328,ID344
ID328,ID353
ID328,ID389
ID328,ID420
ID328,ID428
ID328,ID463
ID329,ID331
ID329,ID332
ID329,ID337
ID329,ID338
ID329,ID339
ID329,ID341
ID329,ID343
ID329,ID344
ID329,ID347
ID329,ID348
ID329,ID350
ID329,ID352
ID329,ID376
ID329,ID385
ID329,ID396
ID329,ID424
ID329,ID429
ID329,ID433
ID329,ID435
ID329,ID449
ID329,ID471
ID330,ID332
ID330,ID336
ID330,ID338
ID330,ID342
ID330,ID344
ID330,ID346
ID330,ID347
ID330,ID348
ID330,ID349
ID330,ID351
ID330,ID369
ID330,ID380
ID330,ID444
ID330,ID445
ID330,ID448
ID331,ID333
ID331,ID342
ID331,ID343
ID331,ID344
ID331,ID345
ID331,ID347
ID331,ID378
ID331,ID393
ID331,ID399
ID331,ID407
ID331,ID414
ID331,ID415
ID331,ID430
ID331,ID433
ID331,ID453
ID331,ID458
ID332,ID338
ID332,ID340
ID332,ID343
ID332,ID344
ID332,ID347
ID332,ID349
ID332,ID351
ID332,ID357
ID332,ID386
ID332,ID399
ID332,ID425
ID332,ID426
ID332,ID435
ID332,ID443
ID332,ID446
ID332,ID469
ID333,ID334
ID333,ID335
ID333,ID336
ID333,ID337
ID333,ID339
ID333,ID341
ID333,ID345
ID333,ID364
ID333,ID378
ID333,ID383
ID333,ID396
ID333,ID399
ID333,ID402
ID333,ID410
ID333,ID418
ID333,ID464
ID334,ID341
ID334,ID342
ID334,ID346
ID334,ID348
ID334,ID352
ID334,ID442
ID334,ID447
ID334,ID451
ID334,ID463
ID335,ID338
ID335,ID340
ID335,ID344
ID335,ID346
ID335,ID347
ID335,ID353
ID335,ID391
ID335,ID393
ID335,ID402
ID335,ID412
ID335,ID444
ID336,ID339
ID336,ID340
ID336,ID342
ID336,ID343
ID336,ID345
ID336,ID346
ID336,ID347
ID336,ID351
ID336,ID367
ID336,ID413
ID336,ID420
ID336,ID462
ID336,ID471
ID337,ID342
ID337,ID343
ID337,ID346
ID337,ID348
ID337,ID351
ID337,ID363
ID337,ID382
ID337,ID383
ID337,ID398
ID337,ID399
ID337,ID407
ID337,ID430
ID337,ID436
ID337,ID454
ID338,ID341
ID338,ID343
ID338,ID345
ID338,ID346
ID338,ID347
ID338,ID352
ID338,ID357
ID338,ID380
ID338,ID386
ID338,ID410
ID338,ID415
ID338,ID432
ID338,ID470
ID339,ID342
ID339,ID347
ID339,ID352
ID339,ID354
ID339,ID387
ID339,ID394
ID339,ID399
ID339,ID420
ID340,ID344
ID340,ID394
ID340,ID404
ID340,ID425
ID340,ID451
ID340,ID454
ID340,ID459
ID340,ID463
ID340,ID471
ID341,ID342
ID341,ID345
ID341,ID348
ID341,ID361
ID341,ID369
ID341,ID370
ID341,ID375
ID341,ID427
ID341,ID436
ID342,ID347
ID342,ID348
ID342,ID351
ID342,ID425
ID342,ID444
ID342,ID450
ID343,ID345
ID343,ID351
ID343,ID373
ID343,ID403
ID343,ID405
ID343,ID426
ID343,ID427
ID343,ID432
ID343,ID442
ID343,ID470
ID344,ID345
ID344,ID347
ID344,ID350
ID344,ID351
ID344,ID363
ID344,ID364
ID344,ID365
ID344,ID377
ID344,ID401
ID344,ID405
ID344,ID410
ID344,ID424
ID344,ID451
ID344,ID457
ID344,ID469
ID345,ID346
ID345,ID347
ID345,ID362
ID345,ID423
ID345,ID435
ID345,ID444
ID345,ID450
ID345,ID452
ID345,ID453
ID345,ID469
ID346,ID350
ID346,ID351
ID346,ID353
ID346,ID400
ID346,ID402
ID346,ID428
ID346,ID445
ID346,ID460
ID346,ID469
ID346,ID471
ID347,ID353
ID347,ID372
ID347,ID373
ID347,ID376
ID347,ID456
ID347,ID459
ID348,ID349
ID348,ID351
ID348,ID360
ID348,ID416
ID348,ID427
ID348,ID442
ID348,ID444
ID348,ID458
ID349,ID350
ID349,ID353
ID349,ID367
ID349,ID420
ID349,ID432
ID349,ID437
ID349,ID443
ID350,ID351
ID350,ID352
ID350,ID358
ID350,ID453
ID351,ID353
ID351,ID367
ID351,ID404
ID351,ID408
ID351,ID411
ID351,ID434
ID351,ID469
ID352,ID362
ID352,ID399
ID352,ID405
ID352,ID441
ID353,ID367
ID353,ID372
ID353,ID373
ID353,ID393
ID353,ID421
ID353,ID449
ID353,ID453
ID353,ID465
ID353,ID466
ID354,ID355
ID354,ID361
ID354,ID366
ID354,ID367
ID354,ID368
ID354,ID374
ID354,ID377
ID354,ID392
ID354,ID395
ID354,ID397
ID354,ID399
ID354,ID402
ID354,ID404
ID354,ID405
ID354,ID412
ID354,ID415
ID354,ID423
ID354,ID428
ID354,ID431
ID354,ID437
ID354,ID450
ID354,ID451
ID354,ID454
ID354,ID457
ID354,ID460
ID355,ID360
ID355,ID365
ID355,ID367
ID355,ID368
ID355,ID369
ID355,ID370
ID355,ID372
ID355,ID373
ID355,ID374
ID355,ID378
ID355,ID379
ID355,ID381
ID355,ID382
ID355,ID391
ID355,ID395
ID355,ID402
ID355,ID407
ID355,ID409
ID355,ID412
ID355,ID414
ID355,ID426
ID355,ID427
ID355,ID429
ID355,ID438
ID355,ID439
ID355,ID449
ID355,ID451
ID355,ID453
ID355,ID469
ID356,ID370
ID356,ID372
ID356,ID376
ID356,ID380
ID356,ID383
ID356,ID384
ID356,ID392
ID356,ID394
ID356,ID398
ID356,ID405
ID356,ID411
ID356,ID412
ID356,ID425
ID356,ID428
ID356,ID434
ID356,ID438
ID356,ID442
ID356,ID443
ID356,ID450
ID356,ID452
ID356,ID453
ID356,ID460
ID356,ID462
ID356,ID466
ID356,ID467
ID357,ID365
ID357,ID370
ID357,ID371
ID357,ID372
ID357,ID373
ID357,ID374
ID357,ID378
ID357,ID380
ID357,ID382
ID357,ID384
ID357,ID385
ID357,ID388
ID357,ID390
ID357,ID391
ID357,ID398
ID357,ID401
ID357,ID402
ID357,ID415
ID357,ID421
ID357,ID423
ID357,ID428
ID357,ID429
ID357,ID430
ID357,ID431
ID357,ID435
ID357,ID440
ID357,ID446
ID357,ID450
ID357,ID456
ID357,ID458
ID357,ID459
ID357,ID465
ID357,ID466
ID357,ID467
ID357,ID468
ID357,ID470
ID358,ID359
ID358,ID360
ID358,ID367
ID358,ID368
ID358,ID369
ID358,ID370
ID358,ID371
ID358,ID378
ID358,ID382
ID358,ID385
ID358,ID387
ID358,ID388
ID358,ID389
ID358,ID397
ID358,ID400
ID358,ID407
ID358,ID410
ID358,ID411
ID358,ID416
ID358,ID417
ID358,ID423
ID358,ID426
ID358,ID443
ID358,ID446
ID358,ID448
ID358,ID456
ID358,ID465
ID358,ID469
ID358,ID471
ID359,ID363
ID359,ID369
ID359,ID370
ID359,ID372
ID359,ID374
ID359,ID391
ID359,ID392
ID359,ID396
ID359,ID402
ID359,ID403
ID359,ID405
ID359,ID406
ID359,ID411
ID359,ID412
ID359,ID417
ID359,ID426
ID359,ID430
ID359,ID431
ID359,ID437
ID359,ID440
ID359,ID445
ID359,ID446
ID359,ID448
ID359,ID449
ID359,ID453
ID359,ID457
ID359,ID459
ID359,ID461
ID359,ID466
ID359,ID469
ID360,ID361
ID360,ID365
ID360,ID368
ID360,ID370
ID360,ID376
ID360,ID381
ID360,ID382
ID360,ID385
ID360,ID392
ID360,ID394
ID360,ID398
ID360,ID399
ID360,ID400
ID360,ID409
ID360,ID415
ID360,ID418
ID360,ID422
ID360,ID426
ID360,ID436
ID360,ID438
ID360,ID440
ID360,ID441
ID360,ID443
ID360,ID446
ID360,ID447
ID360,ID451
ID360,ID453
ID360,ID455
ID360,ID460
ID360,ID461
ID360,ID462
ID360,ID466
ID360,ID471
ID361,ID362
ID361,ID364
ID361,ID367
ID361,ID375
ID361,ID381
ID361,ID382
ID361,ID383
ID361,ID385
ID361,ID386
ID361,ID395
ID361,ID398
ID361,ID399
ID361,ID400
ID361,ID407
ID361,ID409
ID361,ID420
ID361,ID421
ID361,ID426
ID361,ID430
ID361,ID437
ID361,ID443
ID361,ID446
ID361,ID449
ID361,ID451
ID361,ID456
ID361,ID464
ID361,ID466
ID361,ID470
ID362,ID369
ID362,ID371
ID362,ID373
ID362,ID379
ID362,ID386
ID362,ID394
ID362,ID395
ID362,ID398
ID362,ID399
ID362,ID401
ID362,ID407
ID362,ID409
ID362,ID412
ID362,ID413
ID362,ID422
ID362,ID428
ID362,ID433
ID362,ID434
ID362,ID437
ID362,ID438
ID362,ID439
ID362,ID441
ID362,ID442
ID362,ID447
ID362,ID458
ID362,ID470
ID362,ID471
ID363,ID364
ID363,ID367
ID363,ID376
ID363,ID381
ID363,ID382
ID363,ID383
ID363,ID384
ID363,ID391
ID363,ID400
ID363,ID405
ID363,ID410
ID363,ID413
ID363,ID419
ID363,ID422
ID363,ID425
ID363,ID426
ID363,ID427
ID363,ID432
ID363,ID435
ID363,ID439
ID363,ID441
ID363,ID443
ID363,ID448
ID363,ID449
ID363,ID450
ID363,ID455
ID363,ID460
ID363,ID467
ID364,ID377
ID364,ID385
ID364,ID388
ID364,ID389
ID364,ID391
ID364,ID396
ID364,ID403
ID364,ID404
ID364,ID405
ID364,ID412
ID364,ID419
ID364,ID423
ID364,ID425
ID364,ID427
ID364,ID431
ID364,ID433
ID364,ID434
ID364,ID440
ID364,ID448
ID364,ID457
ID364,ID460
ID364,ID462
ID364,ID466
ID364,ID467
ID365,ID372
ID365,ID375
ID365,ID381
ID365,ID390
ID365,ID394
ID365,ID396
ID365,ID397
ID365,ID402
ID365,ID405
ID365,ID412
ID365,ID414
ID365,ID418
ID365,ID422
ID365,ID426
ID365,ID430
ID365,ID440
ID365,ID452
ID365,ID456
ID365,ID457
ID365,ID459
ID365,ID463
ID365,ID471
ID366,ID370
ID366,ID376
ID366,ID382
ID366,ID390
ID366,ID396
ID366,ID398
ID366,ID399
ID366,ID403
ID366,ID404
ID366,ID410
ID366,ID411
ID366,ID412
ID366,ID416
ID366,ID418
ID366,ID419
ID366,ID423
ID366,ID426
ID366,ID429
ID366,ID433
ID366,ID436
ID366,ID437
ID366,ID440
ID366,ID444
ID366,ID460
ID366,ID465
ID366,ID466
ID367,ID369
ID367,ID372
ID367,ID374
ID367,ID378
ID367,ID399
ID367,ID401
ID367,ID407
ID367,ID409
ID367,ID410
ID367,ID422
ID367,ID426
ID367,ID432
ID367,ID438
ID367,ID439
ID367,ID442
ID367,ID443
ID367,ID444
ID367,ID445
ID367,ID446
ID367,ID453
ID367,ID454
ID367,ID456
ID367,ID463
ID367,ID464
ID367,ID465
ID368,ID372
ID368,ID376
ID368,ID381
ID368,ID382
ID368,ID387
ID368,ID391
ID368,ID393
ID368,ID400
ID368,ID403
ID368,ID409
ID368,ID411
ID368,ID422
ID368,ID425
ID368,ID427
ID368,ID433
ID368,ID442
ID368,ID444
ID368,ID445
ID368,ID449
ID368,ID451
ID368,ID455
ID368,ID463
ID368,ID466
ID369,ID371
ID369,ID385
ID369,ID393
ID369,ID397
ID369,ID400
ID369,ID416
ID369,ID419
ID369,ID420
ID369,ID424
ID369,ID428
ID369,ID430
ID369,ID433
ID369,ID436
ID369,ID443
ID369,ID444
ID369,ID452
ID369,ID453
ID369,ID455
ID369,ID458
ID369,ID461
ID369,ID463
ID369,ID464
ID370,ID372
ID370,ID375
ID370,ID377
ID370,ID379
ID370,ID384
ID370,ID387
ID370,ID393
ID370,ID398
ID370,ID403
ID370,ID404
ID370,ID405
ID370,ID408
ID370,ID412
ID370,ID414
ID370,ID420
ID370,ID422
ID370,ID428
ID370,ID435
ID370,ID440
ID370,ID442
ID370,ID444
ID370,ID452
ID370,ID460
ID370,ID464
ID370,ID469
ID370,ID470
ID371,ID374
ID371,ID378
ID371,ID381
ID371,ID384
ID371,ID387
ID371,ID388
ID371,ID395
ID371,ID397
ID371,ID398
ID371,ID401
ID371,ID405
ID371,ID407
ID371,ID408
ID371,ID413
ID371,ID414
ID371,ID416
ID371,ID417
ID371,ID422
ID371,ID426
ID371,ID430
ID371,ID433
ID371,ID437
ID371,ID438
ID371,ID449
ID371,ID450
ID371,ID452
ID371,ID454
ID371,ID459
ID371,ID463
ID371,ID467
ID372,ID377
ID372,ID383
ID372,ID386
ID372,ID387
ID372,ID389
ID372,ID393
ID372,ID395
ID372,ID396
ID372,ID402
ID372,ID404
ID372,ID406
ID372,ID409
ID372,ID410
ID372,ID420
ID372,ID425
ID372,ID427
ID372,ID433
ID372,ID439
ID372,ID442
ID372,ID444
ID372,ID449
ID372,ID451
ID372,ID460
ID372,ID463
ID373,ID378
ID373,ID380
ID373,ID384
ID373,ID387
ID373,ID392
ID373,ID401
ID373,ID405
ID373,ID410
ID373,ID411
ID373,ID415
ID373,ID416
ID373,ID420
ID373,ID428
ID373,ID432
ID373,ID433
ID373,ID435
ID373,ID437
ID373,ID443
ID373,ID444
ID373,ID450
ID373,ID454
ID373,ID458
ID373,ID464
ID373,ID470
ID373,ID471
ID374,ID378
ID374,ID385
ID374,ID390
ID374,ID392
ID374,ID394
ID374,ID396
ID374,ID400
ID374,ID411
ID374,ID413
ID374,ID416
ID374,ID417
ID374,ID419
ID374,ID424
ID374,ID437
ID374,ID445
ID374,ID446
ID374,ID455
ID374,ID462
ID374,ID465
ID375,ID376
ID375,ID377
ID375,ID380
ID375,ID387
ID375,ID389
ID375,ID391
ID375,ID397
ID375,ID408
ID375,ID411
ID375,ID421
ID375,ID425
ID375,ID426
ID375,ID429
ID375,ID431
ID375,ID432
ID375,ID441
ID375,ID446
ID375,ID447
ID375,ID452
ID375,ID454
ID375,ID458
ID375,ID465
ID375,ID466
ID376,ID387
ID376,ID388
ID376,ID390
ID376,ID392
ID376,ID393
ID376,ID395
ID376,ID403
ID376,ID407
ID376,ID408
ID376,ID409
ID376,ID411
ID376,ID412
ID376,ID414
ID376,ID419
ID376,ID424
ID376,ID433
ID376,ID439
ID376,ID442
ID376,ID444
ID376,ID445
ID376,ID449
ID376,ID451
ID376,ID455
ID376,ID457
ID376,ID459
ID376,ID460
ID376,ID461
ID376,ID462
ID376,ID469
ID377,ID379
ID377,ID380
ID377,ID381
ID377,ID384
ID377,ID387
ID377,ID398
ID377,ID401
ID377,ID402
ID377,ID406
ID377,ID414
ID377,ID415
ID377,ID416
ID377,ID418
ID377,ID421
ID377,ID432
ID377,ID433
ID377,ID435
ID377,ID443
ID377,ID446
ID377,ID450
ID377,ID453
ID377,ID456
ID377,ID457
ID377,ID463
ID377,ID464
ID377,ID467
ID377,ID470
ID378,ID379
ID378,ID380
ID378,ID382
ID378,ID388
ID378,ID390
ID378,ID392
ID378,ID408
ID378,ID410
ID378,ID414
ID378,ID419
ID378,ID420
ID378,ID421
ID378,ID427
ID378,ID434
ID378,ID435
ID378,ID436
ID378,ID447
ID378,ID451
ID378,ID454
ID378,ID456
ID378,ID457
ID378,ID471
ID379,ID390
ID379,ID395
ID379,ID401
ID379,ID408
ID379,ID413
ID379,ID415
ID379,ID424
ID379,ID426
ID379,ID427
ID379,ID428
ID379,ID430
ID379,ID433
ID379,ID437
ID379,ID441
ID379,ID443
ID379,ID446
ID379,ID447
ID379,ID453
ID379,ID466
ID380,ID391
ID380,ID393
ID380,ID397
ID380,ID398
ID380,ID402
ID380,ID403
ID380,ID410
ID380,ID411
ID380,ID415
ID380,ID416
ID380,ID423
ID380,ID425
ID380,ID428
ID380,ID429
ID380,ID440
ID380,ID441
ID380,ID443
ID380,ID447
ID380,ID450
ID380,ID451
ID380,ID452
ID380,ID454
ID380,ID456
ID380,ID460
ID380,ID462
ID380,ID463
ID380,ID464
ID381,ID384
ID381,ID387
ID381,ID390
ID381,ID395
ID381,ID396
ID381,ID402
ID381,ID406
ID381,ID407
ID381,ID409
ID381,ID412
ID381,ID413
ID381,ID419
ID381,ID420
ID381,ID424
ID381,ID426
ID381,ID427
ID381,ID432
ID381,ID439
ID381,ID446
ID381,ID448
ID381,ID449
ID381,ID456
ID381,ID468
ID381,ID469
ID382,ID383
ID382,ID384
ID382,ID385
ID382,ID387
ID382,ID392
ID382,ID393
ID382,ID397
ID382,ID400
ID382,ID404
ID382,ID409
ID382,ID410
ID382,ID416
ID382,ID418
ID382,ID421
ID382,ID424
ID382,ID429
ID382,ID432
ID382,ID437
ID382,ID447
ID382,ID454
ID382,ID456
ID382,ID457
ID382,ID461
ID382,ID469
ID383,ID385
ID383,ID389
ID383,ID391
ID383,ID393
ID383,ID400
ID383,ID403
ID383,ID407
ID383,ID416
ID383,ID417
ID383,ID418
ID383,ID420
ID383,ID424
ID383,ID425
ID383,ID427
ID383,ID430
ID383,ID443
ID383,ID444
ID383,ID446
ID383,ID452
ID383,ID462
ID383,ID467
ID383,ID469
ID383,ID470
ID384,ID391
ID384,ID398
ID384,ID405
ID384,ID408
ID384,ID413
ID384,ID419
ID384,ID420
ID384,ID425
ID384,ID426
ID384,ID428
ID384,ID437
ID384,ID442
ID384,ID443
ID384,ID445
ID384,ID446
ID384,ID447
ID384,ID453
ID384,ID458
ID384,ID466
ID384,ID467
ID384,ID470
ID384,ID471
ID385,ID387
ID385,ID397
ID385,ID398
ID385,ID407
ID385,ID413
ID385,ID415
ID385,ID421
ID385,ID422
ID385,ID424
ID385,ID426
ID385,ID441
ID385,ID442
ID385,ID443
ID385,ID444
ID385,ID448
ID385,ID449
ID385,ID454
ID385,ID465
ID385,ID466
ID385,ID468
ID386,ID388
ID386,ID390
ID386,ID395
ID386,ID397
ID386,ID400
ID386,ID401
ID386,ID406
ID386,ID414
ID386,ID425
ID386,ID428
ID386,ID430
ID386,ID431
ID386,ID435
ID386,ID441
ID386,ID442
ID386,ID450
ID386,ID453
ID386,ID454
ID386,ID468
ID386,ID470
ID387,ID393
ID387,ID400
ID387,ID403
ID387,ID409
ID387,ID417
ID387,ID418
ID387,ID422
ID387,ID423
ID387,ID427
ID387,ID432
ID387,ID437
ID387,ID438
ID387,ID440
ID387,ID444
ID387,ID451
ID387,ID457
ID387,ID458
ID387,ID466
ID387,ID469
ID388,ID389
ID388,ID391
ID388,ID392
ID388,ID393
ID388,ID394
ID388,ID398
ID388,ID402
ID388,ID409
ID388,ID412
ID388,ID414
ID388,ID417
ID388,ID419
ID388,ID420
ID388,ID427
ID388,ID428
ID388,ID429
ID388,ID436
ID388,ID441
ID388,ID443
ID388,ID447
ID388,ID449
ID388,ID450
ID388,ID453
ID388,ID463
ID388,ID466
ID388,ID468
ID388,ID470
ID389,ID390
ID389,ID394
ID389,ID396
ID389,ID399
ID389,ID403
ID389,ID408
ID389,ID409
ID389,ID412
ID389,ID415
ID389,ID420
ID389,ID430
ID389,ID431
ID389,ID432
ID389,ID433
ID389,ID434
ID389,ID435
ID389,ID437
ID389,ID443
ID389,ID457
ID389,ID458
ID389,ID470
ID389,ID471
ID390,ID391
ID390,ID404
ID390,ID405
ID390,ID409
ID390,ID411
ID390,ID418
ID390,ID426
ID390,ID429
ID390,ID449
ID390,ID453
ID390,ID455
ID390,ID457
ID390,ID459
ID390,ID461
ID390,ID466
ID391,ID392
ID391,ID395
ID391,ID398
ID391,ID400
ID391,ID404
ID391,ID405
ID391,ID407
ID391,ID409
ID391,ID410
ID391,ID414
ID391,ID417
ID391,ID418
ID391,ID424
ID391,ID428
ID391,ID429
ID391,ID444
ID391,ID445
ID391,ID448
ID391,ID456
ID391,ID463
ID391,ID466
ID391,ID467
ID391,ID470
ID391,ID471
ID392,ID394
ID392,ID402
ID392,ID404
ID392,ID412
ID392,ID413
ID392,ID415
ID392,ID417
ID392,ID418
ID392,ID420
ID392,ID421
ID392,ID427
ID392,ID428
ID392,ID436
ID392,ID441
ID392,ID443
ID392,ID447
ID392,ID448
ID392,ID454
ID392,ID456
ID392,ID457
ID392,ID460
ID392,ID462
ID392,ID465
ID392,ID467
ID392,ID468
ID392,ID469
ID393,ID395
ID393,ID397
ID393,ID399
ID393,ID411
ID393,ID412
ID393,ID416
ID393,ID421
ID393,ID425
ID393,ID429
ID393,ID451
ID393,ID453
ID393,ID454
ID393,ID462
ID393,ID465
ID393,ID466
ID393,ID469
ID393,ID470
ID394,ID395
ID394,ID397
ID394,ID400
ID394,ID403
ID394,ID404
ID394,ID405
ID394,ID412
ID394,ID413
ID394,ID417
ID394,ID422
ID394,ID427
ID394,ID434
ID394,ID436
ID394,ID437
ID394,ID446
ID394,ID449
ID394,ID450
ID394,ID460
ID394,ID463
ID394,ID467
ID395,ID403
ID395,ID405
ID395,ID406
ID395,ID407
ID395,ID419
ID395,ID420
ID395,ID421
ID395,ID422
ID395,ID426
ID395,ID430
ID395,ID432
ID395,ID444
ID395,ID445
ID395,ID447
ID395,ID448
ID395,ID453
ID395,ID457
ID395,ID458
ID395,ID464
ID395,ID466
ID395,ID471
ID396,ID409
ID396,ID410
ID396,ID416
ID396,ID420
ID396,ID422
ID396,ID425
ID396,ID429
ID396,ID430
ID396,ID434
ID396,ID436
ID396,ID437
ID396,ID440
ID396,ID442
ID396,ID445
ID396,ID447
ID396,ID456
ID396,ID466
ID396,ID468
ID397,ID399
ID397,ID401
ID397,ID410
ID397,ID413
ID397,ID415
ID397,ID416
ID397,ID418
ID397,ID420
ID397,ID426
ID397,ID430
ID397,ID432
ID397,ID434
ID397,ID437
ID397,ID440
ID397,ID441
ID397,ID448
ID397,ID453
ID397,ID454
ID397,ID458
ID397,ID464
ID397,ID465
ID397,ID466
ID397,ID467
ID397,ID468
ID398,ID402
ID398,ID404
ID398,ID407
ID398,ID410
ID398,ID413
ID398,ID414
ID398,ID416
ID398,ID417
ID398,ID418
ID398,ID422
ID398,ID423
ID398,ID425
ID398,ID431
ID398,ID432
ID398,ID435
ID398,ID438
ID398,ID442
ID398,ID447
ID398,ID448
ID398,ID454
ID398,ID455
ID398,ID456
ID398,ID462
ID398,ID467
ID398,ID470
ID399,ID400
ID399,ID405
ID399,ID406
ID399,ID412
ID399,ID415
ID399,ID423
ID399,ID426
ID399,ID430
ID399,ID436
ID399,ID440
ID399,ID442
ID399,ID443
ID399,ID444
ID399,ID445
ID399,ID448
ID399,ID453
ID399,ID462
ID399,ID465
ID399,ID467
ID400,ID402
ID400,ID404
ID400,ID407
ID400,ID415
ID400,ID416
ID400,ID419
ID400,ID422
ID400,ID426
ID400,ID429
ID400,ID433
ID400,ID434
ID400,ID437
ID400,ID438
ID400,ID443
ID400,ID446
ID400,ID451
ID400,ID452
ID400,ID456
ID400,ID459
ID400,ID463
ID400,ID466
ID401,ID407
ID401,ID409
ID401,ID412
ID401,ID413
ID401,ID417
ID401,ID418
ID401,ID419
ID401,ID420
ID401,ID421
ID401,ID422
ID401,ID423
ID401,ID428
ID401,ID431
ID401,ID434
ID401,ID436
ID401,ID437
ID401,ID442
ID401,ID447
ID401,ID452
ID401,ID456
ID401,ID458
ID401,ID464
ID401,ID466
ID402,ID405
ID402,ID411
ID402,ID413
ID402,ID414
ID402,ID416
ID402,ID418
ID402,ID420
ID402,ID421
ID402,ID429
ID402,ID434
ID402,ID435
ID402,ID457
ID402,ID460
ID402,ID461
ID402,ID462
ID402,ID463
ID402,ID467
ID403,ID410
ID403,ID411
ID403,ID413
ID403,ID414
ID403,ID415
ID403,ID423
ID403,ID427
ID403,ID430
ID403,ID438
ID403,ID439
ID403,ID440
ID403,ID442
ID403,ID448
ID403,ID449
ID403,ID452
ID403,ID453
ID403,ID462
ID404,ID407
ID404,ID412
ID404,ID416
ID404,ID426
ID404,ID427
ID404,ID430
ID404,ID431
ID404,ID440
ID404,ID441
ID404,ID450
ID404,ID451
ID404,ID452
ID404,ID461
ID404,ID469
ID405,ID409
ID405,ID417
ID405,ID418
ID405,ID420
ID405,ID421
ID405,ID423
ID405,ID427
ID405,ID428
ID405,ID429
ID405,ID430
ID405,ID452
ID405,ID455
ID405,ID457
ID405,ID468
ID405,ID469
ID405,ID470
ID406,ID409
ID406,ID412
ID406,ID421
ID406,ID427
ID406,ID428
ID406,ID432
ID406,ID433
ID406,ID434
ID406,ID437
ID406,ID439
ID406,ID440
ID406,ID443
ID406,ID454
ID406,ID455
ID406,ID458
ID406,ID468
ID406,ID471
ID407,ID409
ID407,ID411
ID407,ID413
ID407,ID415
ID407,ID416
ID407,ID422
ID407,ID425
ID407,ID430
ID407,ID433
ID407,ID434
ID407,ID438
ID407,ID439
ID407,ID441
ID407,ID454
ID408,ID414
ID408,ID419
ID408,ID424
ID408,ID428
ID408,ID430
ID408,ID432
ID408,ID435
ID408,ID437
ID408,ID440
ID408,ID442
ID408,ID443
ID408,ID447
ID408,ID448
ID408,ID449
ID408,ID452
ID408,ID455
ID408,ID459
ID408,ID461
ID408,ID466
ID409,ID412
ID409,ID417
ID409,ID418
ID409,ID420
ID409,ID421
ID409,ID422
ID409,ID424
ID409,ID425
ID409,ID435
ID409,ID440
ID409,ID442
ID409,ID444
ID409,ID446
ID409,ID462
ID409,ID463
ID409,ID464
ID409,ID467
ID409,ID469
ID410,ID412
ID410,ID413
ID410,ID415
ID410,ID423
ID410,ID424
ID410,ID426
ID410,ID427
ID410,ID428
ID410,ID431
ID410,ID440
ID410,ID443
ID410,ID447
ID410,ID448
ID410,ID451
ID410,ID458
ID410,ID465
ID410,ID471
ID411,ID417
ID411,ID421
ID411,ID423
ID411,ID425
ID411,ID426
ID411,ID428
ID411,ID432
ID411,ID433
ID411,ID448
ID411,ID450
ID411,ID451
ID411,ID454
ID411,ID468
ID411,ID469
ID411,ID470
ID412,ID413
ID412,ID414
ID412,ID418
ID412,ID420
ID412,ID429
ID412,ID433
ID412,ID437
ID412,ID453
ID412,ID458
ID412,ID460
ID412,ID461
ID412,ID464
ID412,ID468
ID413,ID427
ID413,ID430
ID413,ID431
ID413,ID433
ID413,ID437
ID413,ID438
ID413,ID440
ID413,ID445
ID413,ID449
ID413,ID450
ID413,ID451
ID413,ID458
ID413,ID464
ID413,ID468
ID413,ID469
ID413,ID470
ID414,ID415
ID414,ID425
ID414,ID426
ID414,ID427
ID414,ID430
ID414,ID431
ID414,ID435
ID414,ID441
ID414,ID442
ID414,ID443
ID414,ID445
ID414,ID450
ID414,ID451
ID414,ID454
ID414,ID455
ID414,ID456
ID414,ID465
ID414,ID471
ID415,ID423
ID415,ID440
ID415,ID446
ID415,ID453
ID415,ID454
ID415,ID457
ID415,ID459
ID415,ID462
ID415,ID470
ID416,ID422
ID416,ID431
ID416,ID437
ID416,ID442
ID416,ID443
ID416,ID444
ID416,ID446
ID416,ID448
ID416,ID450
ID416,ID453
ID416,ID455
ID416,ID459
ID416,ID463
ID416,ID465
ID416,ID467
ID416,ID469
ID416,ID471
ID417,ID424
ID417,ID427
ID417,ID435
ID417,ID446
ID417,ID447
ID417,ID449
ID417,ID451
ID417,ID453
ID417,ID454
ID417,ID455
ID417,ID460
ID417,ID461
ID417,ID463
ID417,ID464
ID417,ID466
ID417,ID471
ID418,ID422
ID418,ID433
ID418,ID441
ID418,ID451
ID418,ID458
ID418,ID459
ID418,ID460
ID418,ID468
ID418,ID470
ID418,ID471
ID419,ID425
ID419,ID427
ID419,ID428
ID419,ID437
ID419,ID438
ID419,ID439
ID419,ID446
ID419,ID449
ID419,ID456
ID419,ID458
ID419,ID459
ID419,ID460
ID419,ID465
ID419,ID466
ID419,ID467
ID420,ID421
ID420,ID430
ID420,ID435
ID420,ID442
ID420,ID446
ID420,ID447
ID420,ID454
ID420,ID455
ID420,ID460
ID420,ID464
ID420,ID470
ID420,ID471
ID421,ID429
ID421,ID434
ID421,ID439
ID421,ID441
ID421,ID442
ID421,ID446
ID421,ID453
ID421,ID454
ID421,ID457
ID421,ID462
ID421,ID466
ID421,ID471
ID422,ID432
ID422,ID440
ID422,ID448
ID422,ID449
ID422,ID454
ID422,ID456
ID422,ID459
ID422,ID467
ID422,ID469
ID422,ID470
ID423,ID425
ID423,ID430
ID423,ID434
ID423,ID437
ID423,ID447
ID423,ID452
ID423,ID459
ID423,ID461
ID423,ID462
ID423,ID463
ID423,ID466
ID423,ID467
ID423,ID469
ID424,ID428
ID424,ID430
ID424,ID431
ID424,ID432
ID424,ID436
ID424,ID439
ID424,ID440
ID424,ID443
ID424,ID445
ID424,ID453
ID424,ID455
ID424,ID462
ID424,ID463
ID424,ID468
ID425,ID426
ID425,ID428
ID425,ID434
ID425,ID435
ID425,ID438
ID425,ID441
ID425,ID445
ID425,ID457
ID425,ID460
ID425,ID461
ID425,ID462
ID425,ID467
ID426,ID428
ID426,ID435
ID426,ID436
ID426,ID438
ID426,ID442
ID426,ID446
ID426,ID447
ID426,ID448
ID426,ID449
ID426,ID454
ID426,ID455
ID426,ID456
ID426,ID460
ID426,ID461
ID426,ID462
ID426,ID469
ID426,ID471
ID427,ID428
ID427,ID434
ID427,ID435
ID427,ID439
ID427,ID441
ID427,ID443
ID427,ID444
ID427,ID456
ID427,ID463
ID427,ID470
ID428,ID436
ID428,ID440
ID428,ID442
ID428,ID449
ID428,ID451
ID428,ID455
ID428,ID456
ID428,ID459
ID428,ID465
ID428,ID469
ID429,ID432
ID429,ID433
ID429,ID438
ID429,ID444
ID429,ID445
ID429,ID446
ID429,ID451
ID429,ID460
ID429,ID462
ID429,ID470
ID430,ID436
ID430,ID441
ID430,ID444
ID430,ID445
ID430,ID447
ID430,ID449
ID430,ID458
ID430,ID460
ID430,ID466
ID431,ID432
ID431,ID433
ID431,ID446
ID431,ID455
ID431,ID456
ID431,ID457
ID431,ID458
ID431,ID459
ID431,ID460
ID431,ID461
ID431,ID464
ID431,ID466
ID432,ID435
ID432,ID439
ID432,ID442
ID432,ID443
ID432,ID444
ID432,ID453
ID432,ID455
ID432,ID460
ID432,ID465
ID432,ID469
ID433,ID437
ID433,ID439
ID433,ID443
ID433,ID447
ID433,ID452
ID433,ID453
ID433,ID456
ID433,ID457
ID433,ID466
ID433,ID467
ID433,ID469
ID433,ID470
ID433,ID471
ID434,ID435
ID434,ID441
ID434,ID443
ID434,ID449
ID434,ID451
ID434,ID453
ID434,ID454
ID434,ID457
ID434,ID462
ID434,ID464
ID434,ID466
ID434,ID468
ID435,ID447
ID435,ID449
ID435,ID450
ID435,ID452
ID435,ID453
ID435,ID465
ID435,ID466
ID435,ID467
ID435,ID471
ID436,ID437
ID436,ID444
ID436,ID449
ID436,ID453
ID436,ID460
ID436,ID461
ID436,ID462
ID437,ID439
ID437,ID444
ID437,ID445
ID437,ID446
ID437,ID449
ID437,ID462
ID437,ID464
ID437,ID467
ID438,ID439
ID438,ID441
ID438,ID442
ID438,ID447
ID438,ID449
ID438,ID451
ID438,ID452
ID438,ID453
ID438,ID455
ID438,ID456
ID438,ID460
ID438,ID462
ID438,ID470
ID439,ID451
ID439,ID457
ID439,ID458
ID439,ID461
ID439,ID464
ID439,ID467
ID440,ID444
ID440,ID445
ID440,ID452
ID440,ID465
ID440,ID468
ID441,ID442
ID441,ID446
ID441,ID450
ID441,ID452
ID441,ID456
ID441,ID459
ID441,ID462
ID441,ID464
ID441,ID469
ID441,ID470
ID442,ID443
ID442,ID444
ID442,ID458
ID442,ID462
ID442,ID469
ID443,ID444
ID443,ID447
ID443,ID450
ID443,ID454
ID443,ID459
ID443,ID465
ID443,ID469
ID444,ID452
ID444,ID455
ID444,ID457
ID444,ID458
ID444,ID461
ID444,ID462
ID444,ID469
ID445,ID448
ID445,ID451
ID445,ID455
ID445,ID457
ID445,ID458
ID445,ID460
ID445,ID462
ID445,ID463
ID446,ID447
ID446,ID449
ID446,ID451
ID446,ID460
ID446,ID462
ID446,ID468
ID446,ID469
ID446,ID470
ID447,ID457
ID447,ID462
ID447,ID464
ID447,ID466
ID447,ID470
ID448,ID449
ID448,ID457
ID448,ID459
ID448,ID460
ID448,ID463
ID448,ID466
ID448,ID469
ID448,ID471
ID449,ID450
ID449,ID453
ID449,ID455
ID449,ID459
ID449,ID467
ID449,ID468
ID450,ID452
ID450,ID454
ID450,ID458
ID450,ID469
ID450,ID471
ID451,ID455
ID451,ID462
ID451,ID464
ID451,ID465
ID451,ID467
ID452,ID464
ID452,ID465
ID452,ID466
ID452,ID467
ID452,ID468
ID453,ID455
ID453,ID459
ID453,ID467
ID453,ID470
ID454,ID455
ID454,ID457
ID454,ID461
ID454,ID462
ID454,ID469
ID454,ID470
ID455,ID456
ID455,ID457
ID455,ID459
ID455,ID461
ID455,ID466
ID456,ID460
ID456,ID469
ID457,ID458
ID457,ID467
ID457,ID468
ID458,ID459
ID458,ID471
ID459,ID463
ID459,ID465
ID459,ID466
ID459,ID467
ID459,ID470
ID460,ID462
ID460,ID464
ID460,ID470
ID461,ID464
ID461,ID471
ID462,ID464
ID462,ID468
ID464,ID466
ID464,ID469
ID466,ID467
ID466,ID469
ID466,ID471
ID467,ID469
ID467,ID470
ID470,ID471
